PassengerId,Survived,Age,SibSp,Parch,Fare,CabinKnown,FamilySize,IsAlone,TicketGroupSize,FarePerPerson,Pclass_1,Pclass_2,Pclass_3,Sex_female,Sex_male,Embarked_C,Embarked_Q,Embarked_S,Title_Master,Title_Miss,Title_Mr,Title_Mrs,Title_Rare,Deck_A,Deck_B,Deck_C,Deck_D,Deck_E,Deck_F,Deck_G,Deck_T,Deck_Unknown
1,0,-0.5153564815185995,0.4348566085295151,-0.4462001942704374,-0.7284216955778409,0,0.08445083931801861,0,-0.527716387139349,-0.5753572246229447,0,0,1,0,1,0,0,1,0,0,1,0,0,0,0,0,0,0,0,0,0,1
2,1,0.6759541868493816,0.4348566085295151,-0.4462001942704374,2.347915324860686,1,0.08445083931801861,0,-0.527716387139349,4.538322365405315,1,0,0,1,0,1,0,0,0,0,0,1,0,0,0,1,0,0,0,0,0,0
3,1,-0.21752881442660418,-0.4604992586639336,-0.4462001942704374,-0.6959928267112353,0,-0.5363369093530302,1,-0.527716387139349,-0.5214519327940202,0,0,1,1,0,0,0,1,0,1,0,0,0,0,0,0,0,0,0,0,0,1
4,1,0.45258343653038513,0.4348566085295151,-0.4462001942704374,1.4743392489167653,1,0.08445083931801861,0,0.21427410350288992,0.965934823226306,1,0,0,1,0,0,0,1,0,0,0,1,0,0,0,1,0,0,0,0,0,0
5,0,0.45258343653038513,-0.4604992586639336,-0.4462001942704374,-0.689987480624827,0,-0.5363369093530302,1,-0.527716387139349,-0.5114694713442193,0,0,1,0,1,0,0,1,0,0,1,0,0,0,0,0,0,0,0,0,0,1
6,0,-0.21752881442660418,-0.4604992586639336,-0.4462001942704374,-0.6703716181681826,0,-0.5363369093530302,1,-0.527716387139349,-0.4788627592645899,0,0,1,0,1,0,1,0,0,0,1,0,0,0,0,0,0,0,0,0,0,1
7,0,1.8672648552173627,-0.4604992586639336,-0.4462001942704374,1.4148863226613217,1,-0.5363369093530302,1,-0.527716387139349,2.987383266810977,1,0,0,0,1,0,0,1,0,0,1,0,0,0,0,0,0,1,0,0,0,0
8,0,-2.0044948169785757,2.225568342916412,0.8299628186941583,-0.06423041842107033,0,1.9468140853311653,0,1.6982550847873676,-0.7335792386022882,0,0,1,0,1,0,0,1,1,0,0,0,0,0,0,0,0,0,0,0,0,1
9,1,-0.14307189765360537,-0.4604992586639336,2.1061258316587543,-0.5418572119190425,0,0.7052385879890675,0,0.9562645941451289,-0.8579726872205464,0,0,1,1,0,0,0,1,0,0,0,1,0,0,0,0,0,0,0,0,0,1
10,1,-1.1110118157025899,0.4348566085295151,-0.4462001942704374,0.36795272017183206,0,0.08445083931801861,0,0.21427410350288992,0.04638241834729124,0,1,0,1,0,1,0,0,0,0,0,1,0,0,0,0,0,0,0,0,0,1
11,1,-1.855580983432578,0.4348566085295151,0.8299628186941583,-0.2744175314453648,1,0.7052385879890675,0,0.21427410350288992,-0.48751156386469735,0,0,1,1,0,0,0,1,0,1,0,0,0,0,0,0,0,0,0,1,0,0
12,1,2.165092522309358,-0.4604992586639336,-0.4462001942704374,0.19880374016361824,1,-0.5363369093530302,1,-0.527716387139349,0.965934823226306,1,0,0,1,0,0,0,1,0,1,0,0,0,0,0,1,0,0,0,0,0,0
13,0,-0.6642703150645971,-0.4604992586639336,-0.4462001942704374,-0.689987480624827,0,-0.5363369093530302,1,-0.527716387139349,-0.5114694713442193,0,0,1,0,1,0,0,1,0,0,1,0,0,0,0,0,0,0,0,0,0,1
14,0,0.7504111036223804,0.4348566085295151,5.934614870552541,0.4258058222298562,0,3.188389582673263,0,3.924226556714084,-0.7975382951770835,0,0,1,0,1,0,0,1,0,0,1,0,0,0,0,0,0,0,0,0,0,1
15,0,-1.1110118157025899,-0.4604992586639336,-0.4462001942704374,-0.6993942547345772,0,-0.5363369093530302,1,-0.527716387139349,-0.5271059989591874,0,0,1,1,0,0,0,1,0,1,0,0,0,0,0,0,0,0,0,0,0,1
16,1,1.9417217719903614,-0.4604992586639336,-0.4462001942704374,-0.3080474695292519,0,-0.5363369093530302,1,-0.527716387139349,0.12341507686311447,0,1,0,1,0,0,0,1,0,0,0,1,0,0,0,0,0,0,0,0,0,1
17,0,-2.0044948169785757,3.120924210109861,0.8299628186941583,0.32251386954363154,0,2.567601834002214,0,2.4402455754296066,-0.6891572851506743,0,0,1,0,1,0,1,0,1,0,0,0,0,0,0,0,0,0,0,0,0,1
18,1,0.1547557694383899,-0.4604992586639336,-0.4462001942704374,-0.4521757756030538,0,-0.5363369093530302,1,-0.527716387139349,-0.11616399793210583,0,1,0,0,1,0,0,1,0,0,1,0,0,0,0,0,0,0,0,0,0,1
19,0,0.1547557694383899,0.4348566085295151,-0.4462001942704374,-0.21196193214671727,0,0.08445083931801861,0,-0.527716387139349,0.283134460059928,0,0,1,1,0,0,0,1,0,0,0,1,0,0,0,0,0,0,0,0,0,1
20,1,0.1547557694383899,-0.4604992586639336,-0.4462001942704374,-0.7296227647951226,0,-0.5363369093530302,1,-0.527716387139349,-0.5773537169129049,0,0,1,1,0,1,0,0,0,0,0,1,0,0,0,0,0,0,0,0,0,1
21,0,0.45258343653038513,-0.4604992586639336,-0.4462001942704374,0.17238021738342119,0,-0.5363369093530302,1,0.21427410350288992,-0.11616399793210583,0,1,0,0,1,0,0,1,0,0,1,0,0,0,0,0,0,0,0,0,0,1
22,1,0.3781265197573863,-0.4604992586639336,-0.4462001942704374,-0.4521757756030538,1,-0.5363369093530302,1,-0.527716387139349,-0.11616399793210583,0,1,0,0,1,0,0,1,0,0,1,0,0,0,0,0,1,0,0,0,0,0
23,1,-1.0365548989295912,-0.4604992586639336,-0.4462001942704374,-0.6909867702136053,0,-0.5363369093530302,1,-0.527716387139349,-0.5131305529294662,0,0,1,1,0,0,1,0,0,1,0,0,0,0,0,0,0,0,0,0,0,1
24,1,-0.06861498088060655,-0.4604992586639336,-0.4462001942704374,0.6287865199504606,1,-0.5363369093530302,1,-0.527716387139349,1.6806790630320465,1,0,0,0,1,0,0,1,0,0,1,0,0,1,0,0,0,0,0,0,0,0
25,0,-1.5577533163405828,2.225568342916412,0.8299628186941583,-0.06423041842107033,0,1.9468140853311653,0,1.6982550847873676,-0.7335792386022882,0,0,1,1,0,0,0,1,0,1,0,0,0,0,0,0,0,0,0,0,0,1
26,1,0.6759541868493816,0.4348566085295151,5.934614870552541,0.4312106337076238,0,3.188389582673263,0,1.6982550847873676,-0.5276909712001457,0,0,1,1,0,0,0,1,0,0,0,1,0,0,0,0,0,0,0,0,0,1
27,0,-0.21752881442660418,-0.4604992586639336,-0.4462001942704374,-0.7296227647951226,0,-0.5363369093530302,1,-0.527716387139349,-0.5773537169129049,0,0,1,0,1,1,0,0,0,0,1,0,0,0,0,0,0,0,0,0,0,1
29,1,-0.8131841486105947,-0.4604992586639336,-0.4462001942704374,-0.6981931855172954,0,-0.5363369093530302,1,-0.527716387139349,-0.5251095066692272,0,0,1,1,0,0,1,0,0,1,0,0,0,0,0,0,0,0,0,0,0,1
30,0,-0.21752881442660418,-0.4604992586639336,-0.4462001942704374,-0.6973956755570203,0,-0.5363369093530302,1,-0.527716387139349,-0.5237838357886936,0,0,1,0,1,0,0,1,0,0,1,0,0,0,0,0,0,0,0,0,0,1
31,0,0.8248680203953792,-0.4604992586639336,-0.4462001942704374,0.255052213747354,0,-0.5363369093530302,1,-0.527716387139349,1.0594345501497207,1,0,0,0,1,1,0,0,0,0,0,0,1,0,0,0,0,0,0,0,0,1
33,1,-0.8131841486105947,-0.4604992586639336,-0.4462001942704374,-0.7044003112322071,0,-0.5363369093530302,1,-0.527716387139349,-0.5354273788237414,0,0,1,1,0,0,1,0,0,1,0,0,0,0,0,0,0,0,0,0,0,1
34,0,2.7607478564933485,-0.4604992586639336,-0.4462001942704374,-0.5722826973312221,0,-0.5363369093530302,1,-0.527716387139349,-0.31581322692812275,0,1,0,0,1,0,0,1,0,0,1,0,0,0,0,0,0,0,0,0,0,1
35,0,-0.06861498088060655,0.4348566085295151,-0.4462001942704374,2.870980968986859,0,0.08445083931801861,0,0.21427410350288992,2.126727384485788,1,0,0,0,1,1,0,0,0,0,1,0,0,0,0,0,0,0,0,0,0,1
36,0,0.9737818539413768,0.4348566085295151,-0.4462001942704374,1.4214922033563713,0,0.08445083931801861,0,0.21427410350288992,0.9220119928471822,1,0,0,0,1,0,0,1,0,0,1,0,0,0,0,0,0,0,0,0,0,1
37,1,-0.21752881442660418,-0.4604992586639336,-0.4462001942704374,-0.7294209851666192,0,-0.5363369093530302,1,-0.527716387139349,-0.5770183062081916,0,0,1,0,1,1,0,0,0,0,1,0,0,0,0,0,0,0,0,0,0,1
38,0,-0.5898133982915983,-0.4604992586639336,-0.4462001942704374,-0.689987480624827,0,-0.5363369093530302,1,-0.527716387139349,-0.5114694713442193,0,0,1,0,1,0,0,1,0,0,1,0,0,0,0,0,0,0,0,0,0,1
39,0,-0.8131841486105947,1.3302124757229636,-0.4462001942704374,-0.21196193214671727,0,0.7052385879890675,0,0.21427410350288992,-0.4356027643257329,0,0,1,1,0,0,0,1,0,1,0,0,0,0,0,0,0,0,0,0,0,1
40,1,-1.1110118157025899,0.4348566085295151,-0.4462001942704374,-0.5366493757929092,0,0.08445083931801861,0,0.21427410350288992,-0.7054606411904892,0,0,1,1,0,1,0,0,0,1,0,0,0,0,0,0,0,0,0,0,0,1
41,0,0.8248680203953792,0.4348566085295151,-0.4462001942704374,-0.6215265352397711,0,0.08445083931801861,0,-0.527716387139349,-0.3976694108164897,0,0,1,1,0,0,0,1,0,0,0,1,0,0,0,0,0,0,0,0,0,1
42,0,-0.14307189765360537,0.4348566085295151,-0.4462001942704374,-0.06783362607291533,0,0.08445083931801861,0,0.21427410350288992,-0.31581322692812275,0,1,0,1,0,0,0,1,0,0,0,1,0,0,0,0,0,0,0,0,0,1
43,0,-0.21752881442660418,-0.4604992586639336,-0.4462001942704374,-0.6973956755570203,0,-0.5363369093530302,1,-0.527716387139349,-0.5237838357886936,0,0,1,0,1,1,0,0,0,0,1,0,0,0,0,0,0,0,0,0,0,1
44,1,-1.930037900205577,0.4348566085295151,2.1061258316587543,0.9208481193784128,0,1.3260263366601164,0,0.9562645941451289,-0.04750595907523563,0,1,0,1,0,1,0,0,0,1,0,0,0,0,0,0,0,0,0,0,0,1
45,1,-0.7387272318375959,-0.4604992586639336,-0.4462001942704374,-0.6981931855172954,0,-0.5363369093530302,1,-0.527716387139349,-0.5251095066692272,0,0,1,1,0,0,1,0,0,1,0,0,0,0,0,0,0,0,0,0,0,1
46,0,-0.21752881442660418,-0.4604992586639336,-0.4462001942704374,-0.689987480624827,0,-0.5363369093530302,1,-0.527716387139349,-0.5114694713442193,0,0,1,0,1,0,0,1,0,0,1,0,0,0,0,0,0,0,0,0,0,1
47,0,-0.21752881442660418,0.4348566085295151,-0.4462001942704374,-0.33206885387488555,0,0.08445083931801861,0,-0.527716387139349,0.08348523106391109,0,0,1,0,1,0,1,0,0,0,1,0,0,0,0,0,0,0,0,0,0,1
48,1,-0.8131841486105947,-0.4604992586639336,-0.4462001942704374,-0.7044003112322071,0,-0.5363369093530302,1,-0.527716387139349,-0.5354273788237414,0,0,1,1,0,0,1,0,0,1,0,0,0,0,0,0,0,0,0,0,0,1
49,0,-0.21752881442660418,1.3302124757229636,-0.4462001942704374,-0.03520297757780651,0,0.7052385879890675,0,-0.527716387139349,0.5769542373887863,0,0,1,0,1,1,0,0,0,0,1,0,0,0,0,0,0,0,0,0,0,1
50,0,-0.8131841486105947,0.4348566085295151,-0.4462001942704374,-0.2215704858849707,0,0.08445083931801861,0,0.21427410350288992,-0.44358873348557354,0,0,1,1,0,0,0,1,0,0,0,1,0,0,0,0,0,0,0,0,0,1
51,0,-1.6322102331135817,3.120924210109861,0.8299628186941583,0.8299656138451424,0,2.567601834002214,0,3.1822360660718454,-0.6261014036594325,0,0,1,0,1,0,0,1,1,0,0,0,0,0,0,0,0,0,0,0,0,1
52,0,-0.5898133982915983,-0.4604992586639336,-0.4462001942704374,-0.7019981727976438,0,-0.5363369093530302,1,-0.527716387139349,-0.531434394243821,0,0,1,0,1,0,0,1,0,0,1,0,0,0,0,0,0,0,0,0,0,1
53,1,1.4949802713523686,0.4348566085295151,-0.4462001942704374,2.6095514388764594,1,0.08445083931801861,0,0.9562645941451289,0.8881834274860972,1,0,0,1,0,1,0,0,0,0,0,1,0,0,0,0,1,0,0,0,0,0
54,1,0.005841935892392266,0.4348566085295151,-0.4462001942704374,0.17238021738342119,0,0.08445083931801861,0,-0.527716387139349,0.9220119928471822,0,1,0,1,0,0,0,1,0,0,0,1,0,0,0,0,0,0,0,0,0,1
55,0,2.68629093972035,-0.4604992586639336,0.8299628186941583,1.9009206006802657,1,0.08445083931801861,0,-0.527716387139349,3.795299808804579,1,0,0,0,1,1,0,0,0,0,1,0,0,0,1,0,0,0,0,0,0,0
56,1,0.8248680203953792,-0.4604992586639336,-0.4462001942704374,0.6287865199504606,1,-0.5363369093530302,1,-0.527716387139349,1.6806790630320465,1,0,0,0,1,0,0,1,0,0,1,0,0,0,0,1,0,0,0,0,0,0
57,1,-0.5898133982915983,-0.4604992586639336,-0.4462001942704374,-0.5722826973312221,0,-0.5363369093530302,1,-0.527716387139349,-0.31581322692812275,0,1,0,1,0,0,0,1,0,1,0,0,0,0,0,0,0,0,0,0,0,1
58,0,-0.031386522494107144,-0.4604992586639336,-0.4462001942704374,-0.7294209851666192,0,-0.5363369093530302,1,-0.527716387139349,-0.5770183062081916,0,0,1,0,1,1,0,0,0,0,1,0,0,0,0,0,0,0,0,0,0,1
59,1,-1.7811240666595793,0.4348566085295151,2.1061258316587543,0.256455062593139,0,1.3260263366601164,0,0.9562645941451289,-0.4156378414261312,0,1,0,1,0,0,0,1,0,1,0,0,0,0,0,0,0,0,0,0,0,1
60,0,-1.3343825660215864,4.0162800773033105,2.1061258316587543,1.176474083030908,0,3.809177331344312,0,3.1822360660718454,-0.5301033993838477,0,0,1,0,1,0,0,1,1,0,0,0,0,0,0,0,0,0,0,0,0,1
61,0,-0.5153564815185995,-0.4604992586639336,-0.4462001942704374,-0.7294209851666192,0,-0.5363369093530302,1,-0.527716387139349,-0.5770183062081916,0,0,1,0,1,1,0,0,0,0,1,0,0,0,0,0,0,0,0,0,0,1
62,1,0.6759541868493816,-0.4604992586639336,-0.4462001942704374,2.766689726711856,1,-0.5363369093530302,1,0.21427410350288992,2.040047675224877,1,0,0,1,0,0,0,1,0,1,0,0,0,0,1,0,0,0,0,0,0,0
63,0,1.1971526042603733,0.4348566085295151,-0.4462001942704374,2.93363834791401,1,0.08445083931801861,0,0.21427410350288992,2.1788038893771087,1,0,0,0,1,0,0,1,0,0,1,0,0,0,0,1,0,0,0,0,0,0
64,0,-1.855580983432578,2.225568342916412,2.1061258316587543,0.26366147789682903,0,2.567601834002214,0,3.1822360660718454,-0.7829924227788023,0,0,1,0,1,0,0,1,1,0,0,0,0,0,0,0,0,0,0,0,0,1
65,0,0.8248680203953792,-0.4604992586639336,-0.4462001942704374,0.255052213747354,0,-0.5363369093530302,1,-0.527716387139349,1.0594345501497207,1,0,0,0,1,1,0,0,0,0,1,0,0,0,0,0,0,0,0,0,0,1
66,1,-1.855580983432578,0.4348566085295151,0.8299628186941583,-0.34428132567620573,0,0.7052385879890675,0,0.21427410350288992,-0.5455775456258989,0,0,1,0,1,1,0,0,1,0,0,0,0,0,0,0,0,0,0,0,0,1
67,1,0.005841935892392266,-0.4604992586639336,-0.4462001942704374,-0.5722826973312221,1,-0.5363369093530302,1,-0.527716387139349,-0.31581322692812275,0,1,0,1,0,0,0,1,0,0,0,1,0,0,0,0,0,0,1,0,0,0
68,0,-0.7387272318375959,-0.4604992586639336,-0.4462001942704374,-0.6847844487755627,0,-0.5363369093530302,1,-0.527716387139349,-0.5028206667441119,0,0,1,0,1,0,0,1,0,0,1,0,0,0,0,0,0,0,0,0,0,1
69,1,-0.8876410653835936,3.120924210109861,2.1061258316587543,-0.6959928267112353,0,3.188389582673263,0,-0.527716387139349,-0.5214519327940202,0,0,1,1,0,0,0,1,0,1,0,0,0,0,0,0,0,0,0,0,0,1
70,0,-0.21752881442660418,1.3302124757229636,-0.4462001942704374,-0.6605612848014257,0,0.7052385879890675,0,-0.527716387139349,-0.4625554102401952,0,0,1,0,1,0,0,1,0,0,1,0,0,0,0,0,0,0,0,0,0,1
71,0,0.2292126862113887,-0.4604992586639336,-0.4462001942704374,-0.5722826973312221,0,-0.5363369093530302,1,-0.527716387139349,-0.31581322692812275,0,1,0,0,1,0,0,1,0,0,1,0,0,0,0,0,0,0,0,0,0,1
72,0,-0.9620979821565924,4.0162800773033105,2.1061258316587543,1.176474083030908,0,3.809177331344312,0,3.1822360660718454,-0.5301033993838477,0,0,1,1,0,0,0,1,0,1,0,0,0,0,0,0,0,0,0,0,0,1
73,0,-0.5898133982915983,-0.4604992586639336,-0.4462001942704374,2.4544117302186184,0,-0.5363369093530302,1,2.4402455754296066,0.019597477785185616,0,1,0,0,1,0,0,1,0,0,1,0,0,0,0,0,0,0,0,0,0,1
74,0,-0.21752881442660418,0.4348566085295151,-0.4462001942704374,-0.3823119813722129,0,0.08445083931801861,0,-0.527716387139349,-3.2034409702696945e-05,0,0,1,0,1,1,0,0,0,0,1,0,0,0,0,0,0,0,0,0,0,1
75,1,0.2292126862113887,-0.4604992586639336,-0.4462001942704374,1.637482882838571,0,-0.5363369093530302,1,3.924226556714084,-0.5098061080534981,0,0,1,0,1,0,0,1,0,0,1,0,0,0,0,0,0,0,0,0,0,1
76,0,-0.29198573119960297,-0.4604992586639336,-0.4462001942704374,-0.7092045881013339,1,-0.5363369093530302,1,-0.527716387139349,-0.543413347983582,0,0,1,0,1,0,0,1,0,0,1,0,0,0,0,0,0,0,1,0,0,0
77,0,-0.21752881442660418,-0.4604992586639336,-0.4462001942704374,-0.6973956755570203,0,-0.5363369093530302,1,-0.527716387139349,-0.5237838357886936,0,0,1,0,1,0,0,1,0,0,1,0,0,0,0,0,0,0,0,0,0,1
78,0,-0.21752881442660418,-0.4604992586639336,-0.4462001942704374,-0.689987480624827,0,-0.5363369093530302,1,-0.527716387139349,-0.5114694713442193,0,0,1,0,1,0,0,1,0,0,1,0,0,0,0,0,0,0,0,0,0,1
79,1,-2.0916094096029845,-0.4604992586639336,2.1061258316587543,0.31650852345722313,0,0.7052385879890675,0,0.21427410350288992,0.00362553946550432,0,1,0,0,1,0,0,1,1,0,0,0,0,0,0,0,0,0,0,0,0,1
80,1,0.08029885266539108,-0.4604992586639336,-0.4462001942704374,-0.47739822916596913,0,-0.5363369093530302,1,0.21427410350288992,-0.6562151623663317,0,0,1,1,0,0,0,1,0,1,0,0,0,0,0,0,0,0,0,0,0,1
81,0,-0.5153564815185995,-0.4604992586639336,-0.4462001942704374,-0.644346850368123,0,-0.5363369093530302,1,-0.527716387139349,-0.4356027643257329,0,0,1,0,1,0,0,1,0,0,1,0,0,0,0,0,0,0,0,0,0,1
82,1,0.005841935892392266,-0.4604992586639336,-0.4462001942704374,-0.6203254660224894,0,-0.5363369093530302,1,-0.527716387139349,-0.3956729185265295,0,0,1,0,1,0,0,1,0,0,1,0,0,0,0,0,0,0,0,0,0,1
83,1,-0.8131841486105947,-0.4604992586639336,-0.4462001942704374,-0.7025987074062846,0,-0.5363369093530302,1,-0.527716387139349,-0.5324326403888011,0,0,1,1,0,0,1,0,0,1,0,0,0,0,0,0,0,0,0,0,0,1
84,0,-0.06861498088060655,-0.4604992586639336,-0.4462001942704374,1.1860826367691615,0,-0.5363369093530302,1,-0.527716387139349,2.607051485573565,1,0,0,0,1,0,0,1,0,0,1,0,0,0,0,0,0,0,0,0,0,1
85,1,-0.8876410653835936,-0.4604992586639336,-0.4462001942704374,-0.5722826973312221,0,-0.5363369093530302,1,-0.527716387139349,-0.31581322692812275,0,1,0,1,0,0,0,1,0,1,0,0,0,0,0,0,0,0,0,0,0,1
86,1,0.30366960298438755,2.225568342916412,-0.4462001942704374,-0.315253884832942,0,1.3260263366601164,0,0.21427410350288992,-0.5214519327940202,0,0,1,1,0,0,0,1,0,0,0,1,0,0,0,0,0,0,0,0,0,1
87,0,-0.9620979821565924,0.4348566085295151,3.38228884462335,0.5747384051727848,0,1.9468140853311653,0,1.6982550847873676,-0.46804576403758563,0,0,1,0,1,0,0,1,0,0,1,0,0,0,0,0,0,0,0,0,0,1
88,0,-0.21752881442660418,-0.4604992586639336,-0.4462001942704374,-0.689987480624827,0,-0.5363369093530302,1,-0.527716387139349,-0.5114694713442193,0,0,1,0,1,0,0,1,0,0,1,0,0,0,0,0,0,0,0,0,0,1
90,0,-0.3664426479726018,-0.4604992586639336,-0.4462001942704374,-0.689987480624827,0,-0.5363369093530302,1,-0.527716387139349,-0.5114694713442193,0,0,1,0,1,0,0,1,0,0,1,0,0,0,0,0,0,0,0,0,0,1
91,0,0.005841935892392266,-0.4604992586639336,-0.4462001942704374,-0.689987480624827,0,-0.5363369093530302,1,-0.527716387139349,-0.5114694713442193,0,0,1,0,1,0,0,1,0,0,1,0,0,0,0,0,0,0,0,0,0,1
92,0,-0.6642703150645971,-0.4604992586639336,-0.4462001942704374,-0.6993942547345772,0,-0.5363369093530302,1,-0.527716387139349,-0.5271059989591874,0,0,1,0,1,0,0,1,0,0,1,0,0,0,0,0,0,0,0,0,0,1
93,0,1.2716095210333722,0.4348566085295151,-0.4462001942704374,1.8622846060987488,1,0.08445083931801861,0,-0.527716387139349,3.7310766448211403,1,0,0,0,1,0,0,1,0,0,1,0,0,0,0,0,0,1,0,0,0,0
94,0,-0.21752881442660418,0.4348566085295151,2.1061258316587543,-0.08825180276670398,0,1.3260263366601164,0,0.21427410350288992,-0.3327834113927842,0,0,1,0,1,0,0,1,0,0,1,0,0,0,0,0,0,0,0,0,0,1
95,0,2.239549439082357,-0.4604992586639336,-0.4462001942704374,-0.7284216955778409,0,-0.5363369093530302,1,-0.527716387139349,-0.5753572246229447,0,0,1,0,1,0,0,1,0,0,1,0,0,0,0,0,0,0,0,0,0,1
96,0,-0.21752881442660418,-0.4604992586639336,-0.4462001942704374,-0.689987480624827,0,-0.5363369093530302,1,-0.527716387139349,-0.5114694713442193,0,0,1,0,1,0,0,1,0,0,1,0,0,0,0,0,0,0,0,0,0,1
97,0,3.1330324403583427,-0.4604992586639336,-0.4462001942704374,0.5881519461913869,1,-0.5363369093530302,1,-0.527716387139349,1.6131337358781144,1,0,0,0,1,1,0,0,0,0,1,0,0,1,0,0,0,0,0,0,0,0
98,1,-0.4408995647456006,-0.4604992586639336,0.8299628186941583,1.9671763829823927,1,0.08445083931801861,0,-0.527716387139349,3.905434309487942,1,0,0,0,1,1,0,0,0,0,1,0,0,0,0,0,1,0,0,0,0,0
99,1,0.3781265197573863,-0.4604992586639336,0.8299628186941583,0.028251911309619276,0,0.08445083931801861,0,0.21427410350288992,-0.235953535329716,0,1,0,1,0,0,0,1,0,0,0,1,0,0,0,0,0,0,0,0,0,1
100,0,0.3781265197573863,0.4348566085295151,-0.4462001942704374,0.17238021738342119,0,0.08445083931801861,0,0.21427410350288992,-0.11616399793210583,0,1,0,0,1,0,0,1,0,0,1,0,0,0,0,0,0,0,0,0,0,1
101,0,-0.06861498088060655,-0.4604992586639336,-0.4462001942704374,-0.6973956755570203,0,-0.5363369093530302,1,-0.527716387139349,-0.5237838357886936,0,0,1,1,0,0,0,1,0,1,0,0,0,0,0,0,0,0,0,0,0,1
102,0,-0.21752881442660418,-0.4604992586639336,-0.4462001942704374,-0.6973956755570203,0,-0.5363369093530302,1,-0.527716387139349,-0.5237838357886936,0,0,1,0,1,0,0,1,0,0,1,0,0,0,0,0,0,0,0,0,0,1
103,0,-0.5898133982915983,-0.4604992586639336,0.8299628186941583,2.6363737166367933,1,0.08445083931801861,0,0.21427410350288992,1.9317379684945377,1,0,0,0,1,0,0,1,0,0,1,0,0,0,0,0,1,0,0,0,0,0
104,0,0.30366960298438755,-0.4604992586639336,-0.4462001942704374,-0.6609600397815633,0,-0.5363369093530302,1,-0.527716387139349,-0.463218245680462,0,0,1,0,1,0,0,1,0,0,1,0,0,0,0,0,0,0,0,0,0,1
105,0,0.6014972700763828,1.3302124757229636,-0.4462001942704374,-0.6959928267112353,0,0.7052385879890675,0,-0.527716387139349,-0.5214519327940202,0,0,1,0,1,0,0,1,0,0,1,0,0,0,0,0,0,0,0,0,0,1
106,0,-0.06861498088060655,-0.4604992586639336,-0.4462001942704374,-0.6973956755570203,0,-0.5363369093530302,1,-0.527716387139349,-0.5237838357886936,0,0,1,0,1,0,0,1,0,0,1,0,0,0,0,0,0,0,0,0,0,1
107,1,-0.5898133982915983,-0.4604992586639336,-0.4462001942704374,-0.7092045881013339,0,-0.5363369093530302,1,-0.527716387139349,-0.543413347983582,0,0,1,1,0,0,0,1,0,1,0,0,0,0,0,0,0,0,0,0,0,1
108,1,-0.21752881442660418,-0.4604992586639336,-0.4462001942704374,-0.7031992420149255,0,-0.5363369093530302,1,-0.527716387139349,-0.5334308865337811,0,0,1,0,1,0,0,1,0,0,1,0,0,0,0,0,0,0,0,0,0,1
109,0,0.6759541868493816,-0.4604992586639336,-0.4462001942704374,-0.6973956755570203,0,-0.5363369093530302,1,-0.527716387139349,-0.5237838357886936,0,0,1,0,1,0,0,1,0,0,1,0,0,0,0,0,0,0,0,0,0,1
110,1,-0.8131841486105947,0.4348566085295151,-0.4462001942704374,0.08350109530457661,0,0.08445083931801861,0,0.9562645941451289,-0.5114694713442194,0,0,1,1,0,0,1,0,0,1,0,0,0,0,0,0,0,0,0,0,0,1
111,0,1.346066437806371,-0.4604992586639336,-0.4462001942704374,1.4214922033563713,1,-0.5363369093530302,1,0.21427410350288992,0.9220119928471822,1,0,0,0,1,0,0,1,0,0,1,0,0,0,0,1,0,0,0,0,0,0
112,0,-1.0737833573160906,0.4348566085295151,-0.4462001942704374,-0.3823119813722129,0,0.08445083931801861,0,0.21427410350288992,-0.5771860115605483,0,0,1,1,0,1,0,0,0,1,0,0,0,0,0,0,0,0,0,0,0,1
113,0,-0.5153564815185995,-0.4604992586639336,-0.4462001942704374,-0.689987480624827,0,-0.5363369093530302,1,-0.527716387139349,-0.5114694713442193,0,0,1,0,1,0,0,1,0,0,1,0,0,0,0,0,0,0,0,0,0,1
114,0,-0.6642703150645971,0.4348566085295151,-0.4462001942704374,-0.6047115661978275,0,0.08445083931801861,0,-0.527716387139349,-0.36971851875704737,0,0,1,1,0,0,0,1,0,1,0,0,0,0,0,0,0,0,0,0,0,1
115,0,-0.8876410653835936,-0.4604992586639336,-0.4462001942704374,-0.3821150060205787,0,-0.5363369093530302,1,0.21427410350288992,-0.5770222991927716,0,0,1,1,0,1,0,0,0,1,0,0,0,0,0,0,0,0,0,0,0,1
116,0,-0.5898133982915983,-0.4604992586639336,-0.4462001942704374,-0.6959928267112353,0,-0.5363369093530302,1,-0.527716387139349,-0.5214519327940202,0,0,1,0,1,0,0,1,0,0,1,0,0,0,0,0,0,0,0,0,0,1
117,0,3.0958039819718435,-0.4604992586639336,-0.4462001942704374,-0.7044003112322071,0,-0.5363369093530302,1,-0.527716387139349,-0.5354273788237414,0,0,1,0,1,0,1,0,0,0,1,0,0,0,0,0,0,0,0,0,0,1
118,0,0.005841935892392266,0.4348566085295151,-0.4462001942704374,-0.06783362607291533,0,0.08445083931801861,0,0.21427410350288992,-0.31581322692812275,0,1,0,0,1,0,0,1,0,0,1,0,0,0,0,0,0,0,0,0,0,1
120,0,-2.0044948169785757,3.120924210109861,2.1061258316587543,0.4258058222298562,0,3.188389582673263,0,3.924226556714084,-0.7975382951770835,0,0,1,1,0,0,0,1,0,1,0,0,0,0,0,0,0,0,0,0,0,1
121,0,-0.5898133982915983,1.3302124757229636,-0.4462001942704374,2.4544117302186184,0,0.7052385879890675,0,2.4402455754296066,0.019597477785185616,0,1,0,0,1,0,0,1,0,0,1,0,0,0,0,0,0,0,0,0,0,1
122,0,-0.21752881442660418,-0.4604992586639336,-0.4462001942704374,-0.689987480624827,0,-0.5363369093530302,1,-0.527716387139349,-0.5114694713442193,0,0,1,0,1,0,0,1,0,0,1,0,0,0,0,0,0,0,0,0,0,1
123,0,0.26644114459788815,0.4348566085295151,-0.4462001942704374,0.36795272017183206,0,0.08445083931801861,0,0.21427410350288992,0.04638241834729124,0,1,0,0,1,1,0,0,0,0,1,0,0,0,0,0,0,0,0,0,0,1
124,1,0.26644114459788815,-0.4604992586639336,-0.4462001942704374,-0.4521757756030538,1,-0.5363369093530302,1,-0.527716387139349,-0.11616399793210583,0,1,0,1,0,0,0,1,0,1,0,0,0,0,0,0,0,1,0,0,0,0
125,0,1.8672648552173627,-0.4604992586639336,0.8299628186941583,2.6363737166367933,1,0.08445083931801861,0,0.21427410350288992,1.9317379684945377,1,0,0,0,1,0,0,1,0,0,1,0,0,0,0,0,1,0,0,0,0,0
126,1,-1.2599256492485875,0.4348566085295151,-0.4462001942704374,-0.5366493757929092,0,0.08445083931801861,0,0.21427410350288992,-0.7054606411904892,0,0,1,0,1,1,0,0,1,0,0,0,0,0,0,0,0,0,0,0,0,1
127,0,-0.21752881442660418,-0.4604992586639336,-0.4462001942704374,-0.7044003112322071,0,-0.5363369093530302,1,-0.527716387139349,-0.5354273788237414,0,0,1,0,1,0,1,0,0,0,1,0,0,0,0,0,0,0,0,0,0,1
128,1,-0.3664426479726018,-0.4604992586639336,-0.4462001942704374,-0.733624727427105,0,-0.5363369093530302,1,-0.527716387139349,-0.5840060292230522,0,0,1,0,1,0,0,1,0,0,1,0,0,0,0,0,0,0,0,0,0,1
129,1,-0.8131841486105947,0.4348566085295151,0.8299628186941583,-0.002577133359566964,1,0.7052385879890675,0,0.21427410350288992,-0.2615765173790648,0,0,1,1,0,1,0,0,0,1,0,0,0,0,0,0,0,0,1,0,0,0
130,0,1.1971526042603733,-0.4604992586639336,-0.4462001942704374,-0.7416334569679394,0,-0.5363369093530302,1,-0.527716387139349,-0.5973186398125067,0,0,1,0,1,0,0,1,0,0,1,0,0,0,0,0,0,0,0,0,0,1
131,0,0.30366960298438755,-0.4604992586639336,-0.4462001942704374,-0.6973956755570203,0,-0.5363369093530302,1,-0.527716387139349,-0.5237838357886936,0,0,1,0,1,1,0,0,0,0,1,0,0,0,0,0,0,0,0,0,0,1
132,0,-0.6642703150645971,-0.4604992586639336,-0.4462001942704374,-0.7380302493160943,0,-0.5363369093530302,1,-0.527716387139349,-0.5913291629426262,0,0,1,0,1,0,0,1,0,0,1,0,0,0,0,0,0,0,0,0,0,1
133,0,1.346066437806371,0.4348566085295151,-0.4462001942704374,-0.38011162256615283,0,0.08445083931801861,0,-0.527716387139349,0.00362553946550432,0,0,1,1,0,0,0,1,0,0,0,1,0,0,0,0,0,0,0,0,0,1
134,1,0.005841935892392266,0.4348566085295151,-0.4462001942704374,0.17238021738342119,0,0.08445083931801861,0,-0.527716387139349,0.9220119928471822,0,1,0,1,0,0,0,1,0,0,0,1,0,0,0,0,0,0,0,0,0,1
135,0,-0.29198573119960297,-0.4604992586639336,-0.4462001942704374,-0.4521757756030538,0,-0.5363369093530302,1,-0.527716387139349,-0.11616399793210583,0,1,0,0,1,0,0,1,0,0,1,0,0,0,0,0,0,0,0,0,0,1
136,0,-0.4408995647456006,-0.4604992586639336,-0.4462001942704374,-0.35388987941445915,0,-0.5363369093530302,1,-0.527716387139349,0.047212959139914724,0,1,0,0,1,1,0,0,0,0,1,0,0,0,0,0,0,0,0,0,0,1
137,1,-0.7387272318375959,-0.4604992586639336,2.1061258316587543,0.18599073375365724,1,0.7052385879890675,0,-0.527716387139349,0.9446362434770108,1,0,0,1,0,0,0,1,0,1,0,0,0,0,0,0,1,0,0,0,0,0
138,0,0.6014972700763828,0.4348566085295151,-0.4462001942704374,1.4743392489167653,1,0.08445083931801861,0,0.21427410350288992,0.965934823226306,1,0,0,0,1,0,0,1,0,0,1,0,0,0,0,1,0,0,0,0,0,0
139,0,-0.9620979821565924,-0.4604992586639336,-0.4462001942704374,-0.6339359823927254,0,-0.5363369093530302,1,0.21427410350288992,-0.786318578933876,0,0,1,0,1,0,0,1,0,0,1,0,0,0,0,0,0,0,0,0,0,1
140,0,-0.3664426479726018,-0.4604992586639336,-0.4462001942704374,2.7282555117588423,1,-0.5363369093530302,1,0.21427410350288992,2.0081037985855144,1,0,0,0,1,1,0,0,0,0,1,0,0,0,1,0,0,0,0,0,0,0
141,0,0.1547557694383899,-0.4604992586639336,2.1061258316587543,-0.34428132567620573,0,0.7052385879890675,0,0.21427410350288992,-0.5455775456258989,0,0,1,1,0,1,0,0,0,0,0,1,0,0,0,0,0,0,0,0,0,1
142,1,-0.5153564815185995,-0.4604992586639336,-0.4462001942704374,-0.7044003112322071,0,-0.5363369093530302,1,-0.527716387139349,-0.5354273788237414,0,0,1,1,0,0,0,1,0,1,0,0,0,0,0,0,0,0,0,0,0,1
143,1,-0.3664426479726018,0.4348566085295151,-0.4462001942704374,-0.315253884832942,0,0.08445083931801861,0,0.21427410350288992,-0.5214519327940202,0,0,1,1,0,0,0,1,0,0,0,1,0,0,0,0,0,0,0,0,0,1
144,0,-0.7387272318375959,-0.4604992586639336,-0.4462001942704374,-0.7524430799234745,0,-0.5363369093530302,1,-0.527716387139349,-0.6152870704221481,0,0,1,0,1,0,1,0,0,0,1,0,0,0,0,0,0,0,0,0,0,1
145,0,-0.8131841486105947,-0.4604992586639336,-0.4462001942704374,-0.5242399286399547,0,-0.5363369093530302,1,-0.527716387139349,-0.235953535329716,0,1,0,0,1,0,0,1,0,0,1,0,0,0,0,0,0,0,0,0,0,1
146,0,-0.7387272318375959,0.4348566085295151,0.8299628186941583,0.6888399808145448,0,0.7052385879890675,0,0.21427410350288992,0.31308184440933057,0,1,0,0,1,0,0,1,0,0,1,0,0,0,0,0,0,0,0,0,0,1
147,1,-0.14307189765360537,-0.4604992586639336,-0.4462001942704374,-0.7021999524261471,0,-0.5363369093530302,1,-0.527716387139349,-0.5317698049485343,0,0,1,0,1,0,0,1,0,0,1,0,0,0,0,0,0,0,0,0,0,1
148,0,-1.483296399567584,1.3302124757229636,2.1061258316587543,0.5747384051727848,0,1.9468140853311653,0,1.6982550847873676,-0.46804576403758563,0,0,1,1,0,0,0,1,0,1,0,0,0,0,0,0,0,0,0,0,0,1
149,0,0.5642688116898834,-0.4604992586639336,2.1061258316587543,0.17238021738342119,1,0.7052385879890675,0,0.9562645941451289,-0.46222266152520186,0,1,0,0,1,0,0,1,0,0,1,0,0,0,0,0,0,0,1,0,0,0
150,0,0.9737818539413768,-0.4604992586639336,-0.4462001942704374,-0.4521757756030538,0,-0.5363369093530302,1,-0.527716387139349,-0.11616399793210583,0,1,0,0,1,0,0,1,0,0,0,0,1,0,0,0,0,0,0,0,0,1
151,0,1.6438941048983662,-0.4604992586639336,-0.4462001942704374,-0.47499609073140575,0,-0.5363369093530302,1,-0.527716387139349,-0.154097351441349,0,1,0,0,1,0,0,1,0,0,0,0,1,0,0,0,0,0,0,0,0,1
152,1,-0.5153564815185995,0.4348566085295151,-0.4462001942704374,2.1229166262488737,1,0.08445083931801861,0,0.21427410350288992,1.5049877415155515,1,0,0,1,0,0,0,1,0,0,0,1,0,0,0,1,0,0,0,0,0,0
153,0,1.978950230376861,-0.4604992586639336,-0.4462001942704374,-0.689987480624827,0,-0.5363369093530302,1,-0.527716387139349,-0.5114694713442193,0,0,1,0,1,0,0,1,0,0,1,0,0,0,0,0,0,0,0,0,0,1
154,0,0.8620964787818787,-0.4604992586639336,2.1061258316587543,-0.38011162256615283,0,0.7052385879890675,0,-0.527716387139349,0.00362553946550432,0,0,1,0,1,0,0,1,0,0,1,0,0,0,0,0,0,0,0,0,0,1
155,0,-0.21752881442660418,-0.4604992586639336,-0.4462001942704374,-0.7254190225346366,0,-0.5363369093530302,1,-0.527716387139349,-0.5703659938980443,0,0,1,0,1,0,0,1,0,0,1,0,0,0,0,0,0,0,0,0,0,1
156,0,1.6438941048983662,-0.4604992586639336,0.8299628186941583,1.8720949394655055,0,0.08445083931801861,0,-0.527716387139349,3.747383993845535,1,0,0,0,1,1,0,0,0,0,1,0,0,0,0,0,0,0,0,0,0,1
157,1,-0.9620979821565924,-0.4604992586639336,-0.4462001942704374,-0.7052026254693513,0,-0.5363369093530302,1,-0.527716387139349,-0.5367610356734348,0,0,1,1,0,0,1,0,0,1,0,0,0,0,0,0,0,0,0,0,0,1
158,0,0.08029885266539108,-0.4604992586639336,-0.4462001942704374,-0.689987480624827,0,-0.5363369093530302,1,-0.527716387139349,-0.5114694713442193,0,0,1,0,1,0,0,1,0,0,1,0,0,0,0,0,0,0,0,0,0,1
159,0,-0.21752881442660418,-0.4604992586639336,-0.4462001942704374,-0.6605612848014257,0,-0.5363369093530302,1,-0.527716387139349,-0.4625554102401952,0,0,1,0,1,0,0,1,0,0,1,0,0,0,0,0,0,0,0,0,0,1
160,0,-1.855580983432578,6.7023476788836565,2.1061258316587543,2.2646427938881124,0,5.671540577357458,0,3.924226556714084,-0.3608769100443666,0,0,1,0,1,0,0,1,1,0,0,0,0,0,0,0,0,0,0,0,0,1
161,0,1.1226956874873746,-0.4604992586639336,0.8299628186941583,-0.30324319266012506,0,0.08445083931801861,0,-0.527716387139349,0.13140104602295527,0,0,1,0,1,0,0,1,0,0,1,0,0,0,0,0,0,0,0,0,0,1
162,1,0.8248680203953792,-0.4604992586639336,-0.4462001942704374,-0.3200581617020687,0,-0.5363369093530302,1,-0.527716387139349,0.10345015396351279,0,1,0,1,0,0,0,1,0,0,0,1,0,0,0,0,0,0,0,0,0,1
163,0,-0.21752881442660418,-0.4604992586639336,-0.4462001942704374,-0.7031992420149255,0,-0.5363369093530302,1,-0.527716387139349,-0.5334308865337811,0,0,1,0,1,0,0,1,0,0,1,0,0,0,0,0,0,0,0,0,0,1
164,0,-0.8876410653835936,-0.4604992586639336,-0.4462001942704374,-0.6605612848014257,0,-0.5363369093530302,1,-0.527716387139349,-0.4625554102401952,0,0,1,0,1,0,0,1,0,0,1,0,0,0,0,0,0,0,0,0,0,1
165,0,-2.0789517337515746,3.120924210109861,0.8299628186941583,0.8299656138451424,0,2.567601834002214,0,3.1822360660718454,-0.6261014036594325,0,0,1,0,1,0,0,1,1,0,0,0,0,0,0,0,0,0,0,0,0,1
166,1,-1.483296399567584,-0.4604992586639336,2.1061258316587543,-0.09065394120126738,0,0.7052385879890675,0,0.9562645941451289,-0.6079665986922942,0,0,1,0,1,0,0,1,1,0,0,0,0,0,0,0,0,0,0,0,0,1
167,1,0.8248680203953792,-0.4604992586639336,0.8299628186941583,1.5656205094301732,1,0.08445083931801861,0,0.21427410350288992,1.0418015302447923,1,0,0,1,0,0,0,1,0,0,0,1,0,0,0,0,0,1,0,0,0,0
168,0,1.1971526042603733,0.4348566085295151,4.658451857587946,0.26366147789682903,0,2.567601834002214,0,3.1822360660718454,-0.7829924227788023,0,0,1,1,0,0,0,1,0,0,0,1,0,0,0,0,0,0,0,0,0,1
169,0,0.8248680203953792,-0.4604992586639336,-0.4462001942704374,0.1687770097315762,0,-0.5363369093530302,1,-0.527716387139349,0.9160225159773017,1,0,0,0,1,0,0,1,0,0,1,0,0,0,0,0,0,0,0,0,0,1
170,0,-0.06861498088060655,-0.4604992586639336,-0.4462001942704374,1.637482882838571,0,-0.5363369093530302,1,3.924226556714084,-0.5098061080534981,0,0,1,0,1,0,0,1,0,0,1,0,0,0,0,0,0,0,0,0,0,1
171,0,2.388463272628355,-0.4604992586639336,-0.4462001942704374,0.532700982567926,1,-0.5363369093530302,1,-0.527716387139349,1.520959679835233,1,0,0,0,1,0,0,1,0,0,1,0,0,0,1,0,0,0,0,0,0,0
172,0,-1.855580983432578,3.120924210109861,0.8299628186941583,0.32251386954363154,0,2.567601834002214,0,2.4402455754296066,-0.6891572851506743,0,0,1,0,1,0,1,0,1,0,0,0,0,0,0,0,0,0,0,0,0,1
173,1,-2.0789517337515746,0.4348566085295151,0.8299628186941583,-0.5418572119190425,0,0.7052385879890675,0,0.9562645941451289,-0.8579726872205464,0,0,1,1,0,0,0,1,0,1,0,0,0,0,0,0,0,0,0,0,0,1
174,0,-0.5898133982915983,-0.4604992586639336,-0.4462001942704374,-0.6959928267112353,0,-0.5363369093530302,1,-0.527716387139349,-0.5214519327940202,0,0,1,0,1,0,0,1,0,0,1,0,0,0,0,0,0,0,0,0,0,1
175,0,2.01617868876336,-0.4604992586639336,-0.4462001942704374,0.39797945060387413,1,-0.5363369093530302,1,-0.527716387139349,1.2970171326549806,1,0,0,0,1,1,0,0,0,0,1,0,0,1,0,0,0,0,0,0,0,0
176,0,-0.8131841486105947,0.4348566085295151,0.8299628186941583,-0.6993942547345772,0,0.7052385879890675,0,-0.527716387139349,-0.5271059989591874,0,0,1,0,1,0,0,1,0,0,1,0,0,0,0,0,0,0,0,0,0,1
177,0,-1.855580983432578,2.225568342916412,0.8299628186941583,0.14675900884036833,0,1.9468140853311653,0,1.6982550847873676,-0.6458992867041075,0,0,1,0,1,0,0,1,1,0,0,0,0,0,0,0,0,0,0,0,0,1
178,0,1.5694371881253675,-0.4604992586639336,-0.4462001942704374,0.3026962274584837,1,-0.5363369093530302,1,-0.527716387139349,1.1386314063078604,1,0,0,1,0,1,0,0,0,1,0,0,0,0,0,1,0,0,0,0,0,0
179,0,0.08029885266539108,-0.4604992586639336,-0.4462001942704374,-0.4521757756030538,0,-0.5363369093530302,1,-0.527716387139349,-0.11616399793210583,0,1,0,0,1,0,0,1,0,0,1,0,0,0,0,0,0,0,0,0,0,1
180,0,0.527040353303384,-0.4604992586639336,-0.4462001942704374,-1.0767317685895288,0,-0.5363369093530302,1,1.6982550847873676,-1.1543399887113939,0,0,1,0,1,0,0,1,0,0,1,0,0,0,0,0,0,0,0,0,0,1
181,0,-0.8131841486105947,6.7023476788836565,2.1061258316587543,2.2646427938881124,0,5.671540577357458,0,3.924226556714084,-0.3608769100443666,0,0,1,1,0,0,0,1,0,1,0,0,0,0,0,0,0,0,0,0,0,1
182,0,0.1547557694383899,-0.4604992586639336,-0.4462001942704374,-0.3536880997859558,0,-0.5363369093530302,1,-0.527716387139349,0.0475483698446281,0,1,0,0,1,1,0,0,0,0,1,0,0,0,0,0,0,0,0,0,0,1
183,0,-1.483296399567584,3.120924210109861,2.1061258316587543,0.4312106337076238,0,3.188389582673263,0,1.6982550847873676,-0.5276909712001457,0,0,1,0,1,0,0,1,1,0,0,0,0,0,0,0,0,0,0,0,0,1
184,1,-2.0789517337515746,1.3302124757229636,0.8299628186941583,0.7969362103698961,1,1.3260263366601164,0,0.21427410350288992,0.40292399745753815,0,1,0,0,1,0,0,1,1,0,0,0,0,0,0,0,0,0,1,0,0,0
185,1,-1.855580983432578,-0.4604992586639336,2.1061258316587543,-0.01858978816436642,0,0.7052385879890675,0,-0.527716387139349,0.6045697187435152,0,0,1,1,0,0,0,1,0,1,0,0,0,0,0,0,0,0,0,0,0,1
186,0,0.8248680203953792,-0.4604992586639336,-0.4462001942704374,1.3254066659738366,1,-0.5363369093530302,1,-0.527716387139349,2.838644591208945,1,0,0,0,1,0,0,1,0,0,1,0,0,1,0,0,0,0,0,0,0,0
187,1,0.1547557694383899,0.4348566085295151,-0.4462001942704374,-0.33206885387488555,0,0.08445083931801861,0,0.21427410350288992,-0.5354273788237414,0,0,1,1,0,0,1,0,0,0,0,1,0,0,0,0,0,0,0,0,0,1
188,1,1.1971526042603733,-0.4604992586639336,-0.4462001942704374,0.19880374016361824,0,-0.5363369093530302,1,-0.527716387139349,0.965934823226306,1,0,0,0,1,0,0,1,0,0,1,0,0,0,0,0,0,0,0,0,0,1
189,0,0.8248680203953792,0.4348566085295151,0.8299628186941583,-0.33206885387488555,0,0.7052385879890675,0,0.21427410350288992,-0.5354273788237414,0,0,1,0,1,0,1,0,0,0,1,0,0,0,0,0,0,0,0,0,0,1
190,0,0.527040353303384,-0.4604992586639336,-0.4462001942704374,-0.6973956755570203,0,-0.5363369093530302,1,-0.527716387139349,-0.5237838357886936,0,0,1,0,1,0,0,1,0,0,1,0,0,0,0,0,0,0,0,0,0,1
191,1,0.2292126862113887,-0.4604992586639336,-0.4462001942704374,-0.4521757756030538,0,-0.5363369093530302,1,-0.527716387139349,-0.11616399793210583,0,1,0,1,0,0,0,1,0,0,0,1,0,0,0,0,0,0,0,0,0,1
192,0,-0.7387272318375959,-0.4604992586639336,-0.4462001942704374,-0.4521757756030538,0,-0.5363369093530302,1,-0.527716387139349,-0.11616399793210583,0,1,0,0,1,0,0,1,0,0,1,0,0,0,0,0,0,0,0,0,0,1
193,1,-0.7387272318375959,0.4348566085295151,-0.4462001942704374,-0.6993942547345772,0,0.08445083931801861,0,-0.527716387139349,-0.5271059989591874,0,0,1,1,0,0,0,1,0,1,0,0,0,0,0,0,0,0,0,0,0,1
194,1,-1.930037900205577,0.4348566085295151,0.8299628186941583,0.17238021738342119,1,0.7052385879890675,0,0.9562645941451289,-0.46222266152520186,0,1,0,0,1,0,0,1,1,0,0,0,0,0,0,0,0,0,1,0,0,0
195,1,1.1226956874873746,-0.4604992586639336,-0.4462001942704374,0.255052213747354,1,-0.5363369093530302,1,-0.527716387139349,1.0594345501497207,1,0,0,1,0,1,0,0,0,0,0,1,0,0,1,0,0,0,0,0,0,0
197,0,-0.21752881442660418,-0.4604992586639336,-0.4462001942704374,-0.7044003112322071,0,-0.5363369093530302,1,-0.527716387139349,-0.5354273788237414,0,0,1,0,1,0,1,0,0,0,1,0,0,0,0,0,0,0,0,0,0,1
198,0,0.9737818539413768,-0.4604992586639336,0.8299628186941583,-0.6729707319543801,0,0.08445083931801861,0,-0.527716387139349,-0.4831831685800637,0,0,1,0,1,0,0,1,0,0,1,0,0,0,0,0,0,0,0,0,0,1
199,1,-0.8131841486105947,-0.4604992586639336,-0.4462001942704374,-0.7044003112322071,0,-0.5363369093530302,1,-0.527716387139349,-0.5354273788237414,0,0,1,1,0,0,1,0,0,1,0,0,0,0,0,0,0,0,0,0,0,1
200,0,-0.3664426479726018,-0.4604992586639336,-0.4462001942704374,-0.4521757756030538,0,-0.5363369093530302,1,-0.527716387139349,-0.11616399793210583,0,1,0,1,0,0,0,1,0,1,0,0,0,0,0,0,0,0,0,0,0,1
201,0,-0.06861498088060655,-0.4604992586639336,-0.4462001942704374,-0.6203254660224894,0,-0.5363369093530302,1,-0.527716387139349,-0.3956729185265295,0,0,1,0,1,0,0,1,0,0,1,0,0,0,0,0,0,0,0,0,0,1
202,0,-0.21752881442660418,6.7023476788836565,2.1061258316587543,2.2646427938881124,0,5.671540577357458,0,3.924226556714084,-0.3608769100443666,0,0,1,0,1,0,0,1,0,0,1,0,0,0,0,0,0,0,0,0,0,1
203,0,0.3781265197573863,-0.4604992586639336,-0.4462001942704374,-0.7646555517247947,0,-0.5363369093530302,1,-0.527716387139349,-0.6355874040264631,0,0,1,0,1,0,0,1,0,0,1,0,0,0,0,0,0,0,0,0,0,1
204,0,1.2343810626468728,-0.4604992586639336,-0.4462001942704374,-0.7296227647951226,0,-0.5363369093530302,1,-0.527716387139349,-0.5773537169129049,0,0,1,0,1,1,0,0,0,0,1,0,0,0,0,0,0,0,0,0,0,1
205,1,-0.8131841486105947,-0.4604992586639336,-0.4462001942704374,-0.689987480624827,0,-0.5363369093530302,1,-0.527716387139349,-0.5114694713442193,0,0,1,0,1,0,0,1,0,0,1,0,0,0,0,0,0,0,0,0,0,1
206,0,-2.0044948169785757,-0.4604992586639336,0.8299628186941583,-0.5740843011571446,1,0.08445083931801861,0,0.21427410350288992,-0.7365739770372284,0,0,1,1,0,0,0,1,0,1,0,0,0,0,0,0,0,0,0,1,0,0
207,0,0.2292126862113887,0.4348566085295151,-0.4462001942704374,-0.315253884832942,0,0.08445083931801861,0,0.21427410350288992,-0.5214519327940202,0,0,1,0,1,0,0,1,0,0,1,0,0,0,0,0,0,0,0,0,0,1
208,1,-0.21752881442660418,-0.4604992586639336,-0.4462001942704374,-0.17412825180234417,0,-0.5363369093530302,1,0.21427410350288992,-0.40415801075886015,0,0,1,0,1,1,0,0,0,0,1,0,0,0,0,0,0,0,0,0,0,1
209,1,-0.9620979821565924,-0.4604992586639336,-0.4462001942704374,-0.7044003112322071,0,-0.5363369093530302,1,-0.527716387139349,-0.5354273788237414,0,0,1,1,0,0,1,0,0,1,0,0,0,0,0,0,0,0,0,0,0,1
210,1,0.8248680203953792,-0.4604992586639336,-0.4462001942704374,0.41259406083975775,1,-0.5363369093530302,1,-0.527716387139349,1.3213104508392162,1,0,0,0,1,1,0,0,0,0,1,0,0,1,0,0,0,0,0,0,0,0
211,0,-0.3664426479726018,-0.4604992586639336,-0.4462001942704374,-0.7380302493160943,0,-0.5363369093530302,1,-0.527716387139349,-0.5913291629426262,0,0,1,0,1,0,0,1,0,0,1,0,0,0,0,0,0,0,0,0,0,1
212,1,0.45258343653038513,-0.4604992586639336,-0.4462001942704374,-0.06783362607291533,0,-0.5363369093530302,1,-0.527716387139349,0.5227135348551483,0,1,0,1,0,0,0,1,0,1,0,0,0,0,0,0,0,0,0,0,0,1
213,0,-0.5153564815185995,-0.4604992586639336,-0.4462001942704374,-0.7284216955778409,0,-0.5363369093530302,1,-0.527716387139349,-0.5753572246229447,0,0,1,0,1,0,0,1,0,0,1,0,0,0,0,0,0,0,0,0,0,1
214,0,0.08029885266539108,-0.4604992586639336,-0.4462001942704374,-0.4521757756030538,0,-0.5363369093530302,1,-0.527716387139349,-0.11616399793210583,0,1,0,0,1,0,0,1,0,0,1,0,0,0,0,0,0,0,0,0,0,1
215,0,-0.21752881442660418,0.4348566085295151,-0.4462001942704374,-0.7044003112322071,0,0.08445083931801861,0,-0.527716387139349,-0.5354273788237414,0,0,1,0,1,0,1,0,0,0,1,0,0,0,0,0,0,0,0,0,0,1
217,1,-0.14307189765360537,-0.4604992586639336,-0.4462001942704374,-0.6959928267112353,0,-0.5363369093530302,1,-0.527716387139349,-0.5214519327940202,0,0,1,1,0,0,0,1,0,1,0,0,0,0,0,0,0,0,0,0,0,1
218,0,0.9737818539413768,0.4348566085295151,-0.4462001942704374,0.2204229860746885,0,0.08445083931801861,0,0.21427410350288992,-0.07623415213290245,0,1,0,0,1,0,0,1,0,0,1,0,0,0,0,0,0,0,0,0,0,1
219,1,0.2292126862113887,-0.4604992586639336,-0.4462001942704374,2.5885327275740297,1,-0.5363369093530302,1,-0.527716387139349,4.938291644806776,1,0,0,1,0,1,0,0,0,1,0,0,0,0,0,0,1,0,0,0,0,0
220,0,0.08029885266539108,-0.4604992586639336,-0.4462001942704374,-0.5722826973312221,0,-0.5363369093530302,1,-0.527716387139349,-0.31581322692812275,0,1,0,0,1,0,0,1,0,0,1,0,0,0,0,0,0,0,0,0,0,1
221,1,-0.9620979821565924,-0.4604992586639336,-0.4462001942704374,-0.689987480624827,0,-0.5363369093530302,1,-0.527716387139349,-0.5114694713442193,0,0,1,0,1,0,0,1,0,0,1,0,0,0,0,0,0,0,0,0,0,1
222,0,-0.14307189765360537,-0.4604992586639336,-0.4462001942704374,-0.4521757756030538,0,-0.5363369093530302,1,-0.527716387139349,-0.11616399793210583,0,1,0,0,1,0,0,1,0,0,1,0,0,0,0,0,0,0,0,0,0,1
223,0,1.6438941048983662,-0.4604992586639336,-0.4462001942704374,-0.689987480624827,0,-0.5363369093530302,1,-0.527716387139349,-0.5114694713442193,0,0,1,0,1,0,0,1,0,0,1,0,0,0,0,0,0,0,0,0,0,1
224,0,-0.21752881442660418,-0.4604992586639336,-0.4462001942704374,-0.6973956755570203,0,-0.5363369093530302,1,-0.527716387139349,-0.5237838357886936,0,0,1,0,1,0,0,1,0,0,1,0,0,0,0,0,0,0,0,0,0,1
225,1,0.6759541868493816,0.4348566085295151,-0.4462001942704374,3.247117413624529,1,0.08445083931801861,0,0.21427410350288992,2.439346133216911,1,0,0,0,1,0,0,1,0,0,1,0,0,0,0,1,0,0,0,0,0,0
226,0,-0.5153564815185995,-0.4604992586639336,-0.4462001942704374,-0.6275318813261795,0,-0.5363369093530302,1,-0.527716387139349,-0.40765187226629057,0,0,1,0,1,0,0,1,0,0,1,0,0,0,0,0,0,0,0,0,0,1
227,1,-0.7387272318375959,-0.4604992586639336,-0.4462001942704374,-0.5722826973312221,0,-0.5363369093530302,1,-0.527716387139349,-0.31581322692812275,0,1,0,0,1,0,0,1,0,0,1,0,0,0,0,0,0,0,0,0,0,1
228,0,-0.6270418566780976,-0.4604992586639336,-0.4462001942704374,-0.7284216955778409,0,-0.5363369093530302,1,-0.527716387139349,-0.5753572246229447,0,0,1,0,1,0,0,1,0,0,1,0,0,0,0,0,0,0,0,0,0,1
229,0,-0.8131841486105947,-0.4604992586639336,-0.4462001942704374,-0.4521757756030538,0,-0.5363369093530302,1,-0.527716387139349,-0.11616399793210583,0,1,0,0,1,0,0,1,0,0,1,0,0,0,0,0,0,0,0,0,0,1
230,0,-0.8131841486105947,2.225568342916412,0.8299628186941583,0.14675900884036833,0,1.9468140853311653,0,1.6982550847873676,-0.6458992867041075,0,0,1,1,0,0,0,1,0,1,0,0,0,0,0,0,0,0,0,0,0,1
231,1,0.45258343653038513,0.4348566085295151,-0.4462001942704374,2.93363834791401,1,0.08445083931801861,0,0.21427410350288992,2.1788038893771087,1,0,0,1,0,0,0,1,0,0,0,1,0,0,0,1,0,0,0,0,0,0
232,0,0.005841935892392266,-0.4604992586639336,-0.4462001942704374,-0.7031992420149255,0,-0.5363369093530302,1,-0.527716387139349,-0.5334308865337811,0,0,1,0,1,0,0,1,0,0,1,0,0,0,0,0,0,0,0,0,0,1
233,0,2.239549439082357,-0.4604992586639336,-0.4462001942704374,-0.42815439125742016,0,-0.5363369093530302,1,-0.527716387139349,-0.07623415213290245,0,1,0,0,1,0,0,1,0,0,1,0,0,0,0,0,0,0,0,0,0,1
234,1,-1.7811240666595793,3.120924210109861,2.1061258316587543,0.4312106337076238,0,3.188389582673263,0,1.6982550847873676,-0.5276909712001457,0,0,1,1,0,0,0,1,0,1,0,0,0,0,0,0,0,0,0,0,0,1
235,0,-0.3664426479726018,-0.4604992586639336,-0.4462001942704374,-0.5722826973312221,0,-0.5363369093530302,1,-0.527716387139349,-0.31581322692812275,0,1,0,0,1,0,0,1,0,0,1,0,0,0,0,0,0,0,0,0,0,1
236,0,-0.8131841486105947,-0.4604992586639336,-0.4462001942704374,-0.7140088649704606,0,-0.5363369093530302,1,-0.527716387139349,-0.5513993171434227,0,0,1,1,0,0,0,1,0,1,0,0,0,0,0,0,0,0,0,0,0,1
237,0,1.1226956874873746,0.4348566085295151,-0.4462001942704374,0.17238021738342119,0,0.08445083931801861,0,-0.527716387139349,0.9220119928471822,0,1,0,0,1,0,0,1,0,0,1,0,0,0,0,0,0,0,0,0,0,1
238,1,-1.5577533163405828,-0.4604992586639336,2.1061258316587543,0.18439090955623802,0,0.7052385879890675,0,0.9562645941451289,-0.4555676872253346,0,1,0,1,0,0,0,1,0,1,0,0,0,0,0,0,0,0,0,0,0,1
239,0,-0.7387272318375959,-0.4604992586639336,-0.4462001942704374,-0.5722826973312221,0,-0.5363369093530302,1,-0.527716387139349,-0.31581322692812275,0,1,0,0,1,0,0,1,0,0,1,0,0,0,0,0,0,0,0,0,0,1
240,0,0.30366960298438755,-0.4604992586639336,-0.4462001942704374,-0.48700678290422256,0,-0.5363369093530302,1,-0.527716387139349,-0.1740622743409507,0,1,0,0,1,0,0,1,0,0,1,0,0,0,0,0,0,0,0,0,0,1
241,0,-0.8131841486105947,0.4348566085295151,-0.4462001942704374,-0.3823119813722129,0,0.08445083931801861,0,0.21427410350288992,-0.5771860115605483,0,0,1,1,0,1,0,0,0,1,0,0,0,0,0,0,0,0,0,0,0,1
242,1,-0.8131841486105947,0.4348566085295151,-0.4462001942704374,-0.33206885387488555,0,0.08445083931801861,0,0.21427410350288992,-0.5354273788237414,0,0,1,1,0,0,1,0,0,1,0,0,0,0,0,0,0,0,0,0,0,1
243,0,0.005841935892392266,-0.4604992586639336,-0.4462001942704374,-0.5722826973312221,0,-0.5363369093530302,1,-0.527716387139349,-0.31581322692812275,0,1,0,0,1,0,0,1,0,0,1,0,0,0,0,0,0,0,0,0,0,1
244,0,-0.5153564815185995,-0.4604992586639336,-0.4462001942704374,-0.7344270416642492,0,-0.5363369093530302,1,-0.527716387139349,-0.5853396860727456,0,0,1,0,1,0,0,1,0,0,1,0,0,0,0,0,0,0,0,0,0,1
245,0,0.08029885266539108,-0.4604992586639336,-0.4462001942704374,-0.7296227647951226,0,-0.5363369093530302,1,-0.527716387139349,-0.5773537169129049,0,0,1,0,1,1,0,0,0,0,1,0,0,0,0,0,0,0,0,0,0,1
246,0,1.1226956874873746,1.3302124757229636,-0.4462001942704374,3.247117413624529,1,0.7052385879890675,0,0.21427410350288992,2.439346133216911,1,0,0,0,1,0,1,0,0,0,0,0,1,0,0,1,0,0,0,0,0,0
247,0,-0.29198573119960297,-0.4604992586639336,-0.4462001942704374,-0.7031992420149255,0,-0.5363369093530302,1,-0.527716387139349,-0.5334308865337811,0,0,1,1,0,0,0,1,0,1,0,0,0,0,0,0,0,0,0,0,0,1
248,1,-0.3664426479726018,-0.4604992586639336,2.1061258316587543,-0.38011162256615283,0,0.7052385879890675,0,0.21427410350288992,-0.5753572246229447,0,1,0,1,0,0,0,1,0,0,0,1,0,0,0,0,0,0,0,0,0,1
249,1,0.6014972700763828,0.4348566085295151,0.8299628186941583,1.4481175057650717,1,0.7052385879890675,0,0.21427410350288992,0.9441411133891007,1,0,0,0,1,0,0,1,0,0,1,0,0,0,0,0,1,0,0,0,0,0
250,0,1.8672648552173627,0.4348566085295151,-0.4462001942704374,0.17238021738342119,0,0.08445083931801861,0,0.21427410350288992,-0.11616399793210583,0,1,0,0,1,0,0,1,0,0,0,0,1,0,0,0,0,0,0,0,0,1
251,0,-0.21752881442660418,-0.4604992586639336,-0.4462001942704374,-0.7284216955778409,0,-0.5363369093530302,1,-0.527716387139349,-0.5753572246229447,0,0,1,0,1,0,0,1,0,0,1,0,0,0,0,0,0,0,0,0,0,1
252,0,0.005841935892392266,0.4348566085295151,0.8299628186941583,-0.5740843011571446,1,0.7052385879890675,0,0.21427410350288992,-0.7365739770372284,0,0,1,1,0,0,0,1,0,0,0,1,0,0,0,0,0,0,0,1,0,0
253,0,2.4629201894013533,-0.4604992586639336,-0.4462001942704374,0.19880374016361824,1,-0.5363369093530302,1,-0.527716387139349,0.965934823226306,1,0,0,0,1,0,0,1,0,0,1,0,0,0,0,1,0,0,0,0,0,0
254,0,0.08029885266539108,0.4348566085295151,-0.4462001942704374,-0.30324319266012506,0,0.08445083931801861,0,0.21427410350288992,-0.5114694713442193,0,0,1,0,1,0,0,1,0,0,1,0,0,0,0,0,0,0,0,0,0,1
255,0,0.899324937168378,-0.4604992586639336,2.1061258316587543,-0.10566730641728841,0,0.7052385879890675,0,0.21427410350288992,-0.34725798049499546,0,0,1,1,0,0,0,1,0,0,0,1,0,0,0,0,0,0,0,0,0,1
256,1,0.005841935892392266,-0.4604992586639336,2.1061258316587543,-0.34428132567620573,0,0.7052385879890675,0,-0.527716387139349,0.06318489745959602,0,0,1,1,0,1,0,0,0,0,0,1,0,0,0,0,0,0,0,0,0,1
257,1,0.8248680203953792,-0.4604992586639336,-0.4462001942704374,2.7282555117588423,0,-0.5363369093530302,1,-0.527716387139349,5.170547585882423,1,0,0,1,0,1,0,0,0,0,0,1,0,0,0,0,0,0,0,0,0,1
258,1,0.08029885266539108,-0.4604992586639336,-0.4462001942704374,3.0789677232050936,1,-0.5363369093530302,1,0.9562645941451289,1.1482811190426678,1,0,0,1,0,0,0,1,0,1,0,0,0,0,1,0,0,0,0,0,0,0
260,1,1.5694371881253675,-0.4604992586639336,0.8299628186941583,0.17238021738342119,0,0.08445083931801861,0,0.21427410350288992,-0.11616399793210583,0,1,0,1,0,0,0,1,0,0,0,1,0,0,0,0,0,0,0,0,0,1
261,0,-0.21752881442660418,-0.4604992586639336,-0.4462001942704374,-0.7044003112322071,0,-0.5363369093530302,1,-0.527716387139349,-0.5354273788237414,0,0,1,0,1,0,1,0,0,0,1,0,0,0,0,0,0,0,0,0,0,1
262,1,-1.930037900205577,3.120924210109861,2.1061258316587543,0.4312106337076238,0,3.188389582673263,0,1.6982550847873676,-0.5276909712001457,0,0,1,0,1,0,0,1,1,0,0,0,0,0,0,0,0,0,0,0,0,1
263,0,1.718351021671365,0.4348566085295151,0.8299628186941583,2.7498747576699127,1,0.7052385879890675,0,0.9562645941451289,0.965934823226306,1,0,0,0,1,0,0,1,0,0,1,0,0,0,0,0,0,1,0,0,0,0
264,0,0.8248680203953792,-0.4604992586639336,-0.4462001942704374,-1.0767317685895288,1,-0.5363369093530302,1,-0.527716387139349,-1.1543399887113939,1,0,0,0,1,0,0,1,0,0,1,0,0,0,1,0,0,0,0,0,0,0
265,0,-0.8131841486105947,-0.4604992586639336,-0.4462001942704374,-0.7044003112322071,0,-0.5363369093530302,1,-0.527716387139349,-0.5354273788237414,0,0,1,1,0,0,1,0,0,1,0,0,0,0,0,0,0,0,0,0,0,1
266,0,0.527040353303384,-0.4604992586639336,-0.4462001942704374,-0.5722826973312221,0,-0.5363369093530302,1,-0.527716387139349,-0.31581322692812275,0,1,0,0,1,0,0,1,0,0,1,0,0,0,0,0,0,0,0,0,0,1
267,0,-0.9620979821565924,3.120924210109861,0.8299628186941583,0.8299656138451424,0,2.567601834002214,0,3.1822360660718454,-0.6261014036594325,0,0,1,0,1,0,0,1,0,0,1,0,0,0,0,0,0,0,0,0,0,1
268,1,-0.29198573119960297,0.4348566085295151,-0.4462001942704374,-0.7031992420149255,0,0.08445083931801861,0,-0.527716387139349,-0.5334308865337811,0,0,1,0,1,0,0,1,0,0,1,0,0,0,0,0,0,0,0,0,0,1
271,0,0.8248680203953792,-0.4604992586639336,-0.4462001942704374,0.41259406083975775,0,-0.5363369093530302,1,0.21427410350288992,0.08348523106391109,1,0,0,0,1,0,0,1,0,0,1,0,0,0,0,0,0,0,0,0,0,1
272,1,-0.29198573119960297,-0.4604992586639336,-0.4462001942704374,-1.0767317685895288,0,-0.5363369093530302,1,1.6982550847873676,-1.1543399887113939,0,0,1,0,1,0,0,1,0,0,1,0,0,0,0,0,0,0,0,0,0,1
273,1,0.899324937168378,-0.4604992586639336,0.8299628186941583,-0.1398977791098163,0,0.08445083931801861,0,0.21427410350288992,-0.3757079956269278,0,1,0,1,0,0,0,1,0,0,0,1,0,0,0,0,0,0,0,0,0,1
274,0,0.6014972700763828,-0.4604992586639336,0.8299628186941583,0.3501384615411102,1,0.08445083931801861,0,-0.527716387139349,1.217492851761287,1,0,0,0,1,1,0,0,0,0,1,0,0,0,0,1,0,0,0,0,0,0
275,1,-0.8131841486105947,-0.4604992586639336,-0.4462001942704374,-0.7044003112322071,0,-0.5363369093530302,1,-0.527716387139349,-0.5354273788237414,0,0,1,1,0,0,1,0,0,1,0,0,0,0,0,0,0,0,0,0,0,1
276,1,2.537377106174352,0.4348566085295151,-0.4462001942704374,2.6686008058748953,1,0.08445083931801861,0,0.9562645941451289,0.920901943133964,1,0,0,1,0,0,0,1,0,1,0,0,0,0,0,0,1,0,0,0,0,0
277,0,1.1971526042603733,-0.4604992586639336,-0.4462001942704374,-0.7044003112322071,0,-0.5363369093530302,1,-0.527716387139349,-0.5354273788237414,0,0,1,1,0,0,0,1,0,1,0,0,0,0,0,0,0,0,0,0,0,1
278,0,0.1547557694383899,-0.4604992586639336,-0.4462001942704374,-1.0767317685895288,0,-0.5363369093530302,1,0.9562645941451289,-1.1543399887113939,0,1,0,0,1,0,0,1,0,0,1,0,0,0,0,0,0,0,0,0,0,1
279,0,-1.6322102331135817,3.120924210109861,0.8299628186941583,0.32251386954363154,0,2.567601834002214,0,2.4402455754296066,-0.6891572851506743,0,0,1,0,1,0,1,0,1,0,0,0,0,0,0,0,0,0,0,0,0,1
280,1,0.45258343653038513,0.4348566085295151,0.8299628186941583,-0.10386570259136582,0,0.7052385879890675,0,0.21427410350288992,-0.3457606112775253,0,0,1,1,0,0,0,1,0,0,0,1,0,0,0,0,0,0,0,0,0,1
281,0,2.68629093972035,-0.4604992586639336,-0.4462001942704374,-0.7044003112322071,0,-0.5363369093530302,1,-0.527716387139349,-0.5354273788237414,0,0,1,0,1,0,1,0,0,0,1,0,0,0,0,0,0,0,0,0,0,1
282,0,-0.06861498088060655,-0.4604992586639336,-0.4462001942704374,-0.6993942547345772,0,-0.5363369093530302,1,-0.527716387139349,-0.5271059989591874,0,0,1,0,1,0,0,1,0,0,1,0,0,0,0,0,0,0,0,0,0,1
283,0,-0.9620979821565924,-0.4604992586639336,-0.4462001942704374,-0.6203254660224894,0,-0.5363369093530302,1,-0.527716387139349,-0.3956729185265295,0,0,1,0,1,0,0,1,0,0,1,0,0,0,0,0,0,0,0,0,0,1
284,1,-0.7387272318375959,-0.4604992586639336,-0.4462001942704374,-0.689987480624827,0,-0.5363369093530302,1,-0.527716387139349,-0.5114694713442193,0,0,1,0,1,0,0,1,0,0,1,0,0,0,0,0,0,0,0,0,0,1
285,0,0.8248680203953792,-0.4604992586639336,-0.4462001942704374,0.17238021738342119,1,-0.5363369093530302,1,-0.527716387139349,0.9220119928471822,1,0,0,0,1,0,0,1,0,0,1,0,0,1,0,0,0,0,0,0,0,0
286,0,0.30366960298438755,-0.4604992586639336,-0.4462001942704374,-0.6605612848014257,0,-0.5363369093530302,1,-0.527716387139349,-0.4625554102401952,0,0,1,0,1,1,0,0,0,0,1,0,0,0,0,0,0,0,0,0,0,1
287,1,0.08029885266539108,-0.4604992586639336,-0.4462001942704374,-0.6203254660224894,0,-0.5363369093530302,1,-0.527716387139349,-0.3956729185265295,0,0,1,0,1,0,0,1,0,0,1,0,0,0,0,0,0,0,0,0,0,1
288,0,-0.5153564815185995,-0.4604992586639336,-0.4462001942704374,-0.6973956755570203,0,-0.5363369093530302,1,-0.527716387139349,-0.5237838357886936,0,0,1,0,1,0,0,1,0,0,1,0,0,0,0,0,0,0,0,0,0,1
289,1,0.9737818539413768,-0.4604992586639336,-0.4462001942704374,-0.4521757756030538,0,-0.5363369093530302,1,-0.527716387139349,-0.11616399793210583,0,1,0,0,1,0,0,1,0,0,1,0,0,0,0,0,0,0,0,0,0,1
290,1,-0.5153564815185995,-0.4604992586639336,-0.4462001942704374,-0.7044003112322071,0,-0.5363369093530302,1,-0.527716387139349,-0.5354273788237414,0,0,1,1,0,0,1,0,0,1,0,0,0,0,0,0,0,0,0,0,0,1
291,1,-0.21752881442660418,-0.4604992586639336,-0.4462001942704374,2.711440542716898,0,-0.5363369093530302,1,0.21427410350288992,1.994128352555793,1,0,0,1,0,0,0,1,0,1,0,0,0,0,0,0,0,0,0,0,0,1
292,1,-0.7387272318375959,0.4348566085295151,-0.4462001942704374,3.2989651695961446,1,0.08445083931801861,0,0.21427410350288992,2.482438422803411,1,0,0,1,0,1,0,0,0,0,0,1,0,0,1,0,0,0,0,0,0,0
293,0,0.527040353303384,-0.4604992586639336,-0.4462001942704374,-0.45818112168946223,1,-0.5363369093530302,1,-0.527716387139349,-0.1261464593819067,0,1,0,0,1,1,0,0,0,0,1,0,0,0,0,0,1,0,0,0,0,0
294,0,-0.3664426479726018,-0.4604992586639336,-0.4462001942704374,-0.6515532656718132,0,-0.5363369093530302,1,-0.527716387139349,-0.44758171806549396,0,0,1,1,0,0,0,1,0,1,0,0,0,0,0,0,0,0,0,0,0,1
295,0,-0.3664426479726018,-0.4604992586639336,-0.4462001942704374,-0.6973956755570203,0,-0.5363369093530302,1,-0.527716387139349,-0.5237838357886936,0,0,1,0,1,0,0,1,0,0,1,0,0,0,0,0,0,0,0,0,0,1
296,0,0.8248680203953792,-0.4604992586639336,-0.4462001942704374,0.255052213747354,0,-0.5363369093530302,1,-0.527716387139349,1.0594345501497207,1,0,0,0,1,1,0,0,0,0,1,0,0,0,0,0,0,0,0,0,0,1
297,0,-0.4036711063591012,-0.4604992586639336,-0.4462001942704374,-0.7294209851666192,0,-0.5363369093530302,1,-0.527716387139349,-0.5770183062081916,0,0,1,0,1,1,0,0,0,0,1,0,0,0,0,0,0,0,0,0,0,1
299,1,0.8248680203953792,-0.4604992586639336,-0.4462001942704374,0.3885726764941241,1,-0.5363369093530302,1,-0.527716387139349,1.2813806050400127,1,0,0,0,1,0,0,1,0,0,1,0,0,0,0,1,0,0,0,0,0,0
301,1,-0.8131841486105947,-0.4604992586639336,-0.4462001942704374,-0.7044003112322071,0,-0.5363369093530302,1,-0.527716387139349,-0.5354273788237414,0,0,1,1,0,0,1,0,0,1,0,0,0,0,0,0,0,0,0,0,0,1
302,1,-0.21752881442660418,1.3302124757229636,-0.4462001942704374,0.0402626034824361,0,0.7052385879890675,0,0.21427410350288992,-0.22597107387991514,0,0,1,0,1,0,1,0,0,0,1,0,0,0,0,0,0,0,0,0,0,1
303,0,-0.7387272318375959,-0.4604992586639336,-0.4462001942704374,-1.0767317685895288,0,-0.5363369093530302,1,1.6982550847873676,-1.1543399887113939,0,0,1,0,1,0,0,1,0,0,1,0,0,0,0,0,0,0,0,0,0,1
304,1,-0.3664426479726018,-0.4604992586639336,-0.4462001942704374,-0.48340357525237754,1,-0.5363369093530302,1,-0.527716387139349,-0.16807279747107026,0,1,0,1,0,0,1,0,0,1,0,0,0,0,0,0,0,1,0,0,0,0
305,0,-0.21752881442660418,-0.4604992586639336,-0.4462001942704374,-0.689987480624827,0,-0.5363369093530302,1,-0.527716387139349,-0.5114694713442193,0,0,1,0,1,0,0,1,0,0,1,0,0,0,0,0,0,0,0,0,0,1
309,0,0.08029885266539108,0.4348566085295151,-0.4462001942704374,0.07629468000088659,0,0.08445083931801861,0,0.21427410350288992,-0.1960236895305126,0,1,0,0,1,1,0,0,0,0,1,0,0,0,0,0,0,0,0,0,0,1
310,1,0.08029885266539108,-0.4604992586639336,-0.4462001942704374,1.658304618789366,1,-0.5363369093530302,1,0.21427410350288992,1.1188341887606155,1,0,0,1,0,1,0,0,0,1,0,0,0,0,0,0,0,1,0,0,0,0
311,1,-0.3664426479726018,-0.4604992586639336,-0.4462001942704374,2.9184232030694854,1,-0.5363369093530302,1,0.21427410350288992,2.166158107212501,1,0,0,1,0,1,0,0,0,1,0,0,0,0,0,1,0,0,0,0,0,0
313,0,-0.21752881442660418,0.4348566085295151,0.8299628186941583,0.17238021738342119,0,0.7052385879890675,0,-0.527716387139349,0.9220119928471822,0,1,0,1,0,0,0,1,0,0,0,1,0,0,0,0,0,0,0,0,0,1
314,0,-0.06861498088060655,-0.4604992586639336,-0.4462001942704374,-0.6973956755570203,0,-0.5363369093530302,1,-0.527716387139349,-0.5237838357886936,0,0,1,0,1,0,0,1,0,0,1,0,0,0,0,0,0,0,0,0,0,1
315,0,1.0482387707143757,0.4348566085295151,0.8299628186941583,0.18439090955623802,0,0.7052385879890675,0,0.9562645941451289,-0.4555676872253346,0,1,0,0,1,0,0,1,0,0,1,0,0,0,0,0,0,0,0,0,0,1
316,1,-0.21752881442660418,-0.4604992586639336,-0.4462001942704374,-0.6993942547345772,0,-0.5363369093530302,1,-0.527716387139349,-0.5271059989591874,0,0,1,1,0,0,0,1,0,1,0,0,0,0,0,0,0,0,0,0,0,1
317,1,-0.3664426479726018,0.4348566085295151,-0.4462001942704374,0.17238021738342119,0,0.08445083931801861,0,0.21427410350288992,-0.11616399793210583,0,1,0,1,0,0,0,1,0,0,0,1,0,0,0,0,0,0,0,0,0,1
318,0,1.8672648552173627,-0.4604992586639336,-0.4462001942704374,-0.4041330069117865,0,-0.5363369093530302,1,-0.527716387139349,-0.03630430633369906,0,1,0,0,1,0,0,1,0,0,0,0,1,0,0,0,0,0,0,0,0,1
321,0,-0.5153564815185995,-0.4604992586639336,-0.4462001942704374,-0.7284216955778409,0,-0.5363369093530302,1,-0.527716387139349,-0.5753572246229447,0,0,1,0,1,0,0,1,0,0,1,0,0,0,0,0,0,0,0,0,0,1
322,0,-0.14307189765360537,-0.4604992586639336,-0.4462001942704374,-0.6973956755570203,0,-0.5363369093530302,1,-0.527716387139349,-0.5237838357886936,0,0,1,0,1,0,0,1,0,0,1,0,0,0,0,0,0,0,0,0,0,1
323,1,0.08029885266539108,-0.4604992586639336,-0.4462001942704374,-0.48340357525237754,0,-0.5363369093530302,1,-0.527716387139349,-0.16807279747107026,0,1,0,1,0,0,1,0,0,1,0,0,0,0,0,0,0,0,0,0,0,1
324,1,-0.5153564815185995,0.4348566085295151,0.8299628186941583,0.31650852345722313,0,0.7052385879890675,0,0.21427410350288992,0.00362553946550432,0,1,0,1,0,0,0,1,0,0,0,1,0,0,0,0,0,0,0,0,0,1
325,0,-0.21752881442660418,6.7023476788836565,2.1061258316587543,2.2646427938881124,0,5.671540577357458,0,3.924226556714084,-0.3608769100443666,0,0,1,0,1,0,0,1,0,0,1,0,0,0,0,0,0,0,0,0,0,1
327,0,2.388463272628355,-0.4604992586639336,-0.4462001942704374,-0.7770649988777489,0,-0.5363369093530302,1,-0.527716387139349,-0.6562151623663317,0,0,1,0,1,0,0,1,0,0,1,0,0,0,0,0,0,0,0,0,0,1
328,1,0.527040353303384,-0.4604992586639336,-0.4462001942704374,-0.4521757756030538,1,-0.5363369093530302,1,-0.527716387139349,-0.11616399793210583,0,1,0,1,0,0,0,1,0,0,0,1,0,0,0,0,1,0,0,0,0,0
329,1,0.1547557694383899,0.4348566085295151,0.8299628186941583,-0.09065394120126738,0,0.7052385879890675,0,0.9562645941451289,-0.6079665986922942,0,0,1,1,0,0,0,1,0,0,0,1,0,0,0,0,0,0,0,0,0,1
330,1,-0.9620979821565924,-0.4604992586639336,0.8299628186941583,1.7087495259151964,1,0.08445083931801861,0,0.21427410350288992,1.160760526849779,1,0,0,1,0,1,0,0,0,1,0,0,0,0,1,0,0,0,0,0,0,0
331,1,-0.8131841486105947,1.3302124757229636,-0.4462001942704374,0.0402626034824361,0,0.7052385879890675,0,0.21427410350288992,-0.22597107387991514,0,0,1,1,0,0,1,0,0,1,0,0,0,0,0,0,0,0,0,0,0,1
332,0,1.2343810626468728,-0.4604992586639336,-0.4462001942704374,0.29248713911158947,1,-0.5363369093530302,1,-0.527716387139349,1.1216612218431992,1,0,0,0,1,0,0,1,0,0,1,0,0,0,0,1,0,0,0,0,0,0
334,0,-0.9620979821565924,1.3302124757229636,-0.4462001942704374,-0.21196193214671727,0,0.7052385879890675,0,0.21427410350288992,-0.4356027643257329,0,0,1,0,1,0,0,1,0,0,1,0,0,0,0,0,0,0,0,0,0,1
336,0,-0.21752881442660418,-0.4604992586639336,-0.4462001942704374,-0.6973956755570203,0,-0.5363369093530302,1,-0.527716387139349,-0.5237838357886936,0,0,1,0,1,0,0,1,0,0,1,0,0,0,0,0,0,0,0,0,0,1
337,0,0.005841935892392266,0.4348566085295151,-0.4462001942704374,2.1229166262488737,1,0.08445083931801861,0,0.21427410350288992,1.5049877415155515,1,0,0,0,1,0,0,1,0,0,1,0,0,0,0,1,0,0,0,0,0,0
339,1,1.1971526042603733,-0.4604992586639336,-0.4462001942704374,-0.689987480624827,0,-0.5363369093530302,1,-0.527716387139349,-0.5114694713442193,0,0,1,0,1,0,0,1,0,0,1,0,0,0,0,0,0,0,0,0,0,1
340,0,1.1971526042603733,-0.4604992586639336,-0.4462001942704374,0.6287865199504606,1,-0.5363369093530302,1,-0.527716387139349,1.6806790630320465,1,0,0,0,1,0,0,1,0,0,1,0,0,0,0,0,0,0,0,0,1,0
341,1,-2.0044948169785757,0.4348566085295151,0.8299628186941583,0.17238021738342119,1,0.7052385879890675,0,0.9562645941451289,-0.46222266152520186,0,1,0,0,1,0,0,1,1,0,0,0,0,0,0,0,0,0,1,0,0,0
343,0,-0.06861498088060655,-0.4604992586639336,-0.4462001942704374,-0.4521757756030538,0,-0.5363369093530302,1,-0.527716387139349,-0.11616399793210583,0,1,0,0,1,0,0,1,0,0,1,0,0,0,0,0,0,0,0,0,0,1
344,0,-0.29198573119960297,-0.4604992586639336,-0.4462001942704374,-0.4521757756030538,0,-0.5363369093530302,1,-0.527716387139349,-0.11616399793210583,0,1,0,0,1,0,0,1,0,0,1,0,0,0,0,0,0,0,0,0,0,1
345,0,0.527040353303384,-0.4604992586639336,-0.4462001942704374,-0.4521757756030538,0,-0.5363369093530302,1,-0.527716387139349,-0.11616399793210583,0,1,0,0,1,0,0,1,0,0,1,0,0,0,0,0,0,0,0,0,0,1
346,1,-0.3664426479726018,-0.4604992586639336,-0.4462001942704374,-0.4521757756030538,1,-0.5363369093530302,1,-0.527716387139349,-0.11616399793210583,0,1,0,1,0,0,0,1,0,1,0,0,0,0,0,0,0,0,1,0,0,0
347,1,0.8248680203953792,-0.4604992586639336,-0.4462001942704374,-0.4521757756030538,0,-0.5363369093530302,1,-0.527716387139349,-0.11616399793210583,0,1,0,1,0,0,0,1,0,1,0,0,0,0,0,0,0,0,0,0,0,1
348,1,0.1547557694383899,0.4348566085295151,-0.4462001942704374,-0.30324319266012506,0,0.08445083931801861,0,-0.527716387139349,0.13140104602295527,0,0,1,1,0,0,0,1,0,0,0,1,0,0,0,0,0,0,0,0,0,1
349,1,-1.930037900205577,0.4348566085295151,0.8299628186941583,-0.3128517463983786,0,0.7052385879890675,0,0.21427410350288992,-0.51945544050406,0,0,1,0,1,0,0,1,1,0,0,0,0,0,0,0,0,0,0,0,0,1
350,0,0.9737818539413768,-0.4604992586639336,-0.4462001942704374,-0.6605612848014257,0,-0.5363369093530302,1,-0.527716387139349,-0.4625554102401952,0,0,1,0,1,0,0,1,0,0,1,0,0,0,0,0,0,0,0,0,0,1
351,0,-0.4408995647456006,-0.4604992586639336,-0.4462001942704374,-0.6335372274125879,0,-0.5363369093530302,1,-0.527716387139349,-0.41763433371609143,0,0,1,0,1,0,0,1,0,0,1,0,0,0,0,0,0,0,0,0,0,1
352,0,0.8248680203953792,-0.4604992586639336,-0.4462001942704374,0.6047651356048269,1,-0.5363369093530302,1,-0.527716387139349,1.6407492172328433,1,0,0,0,1,0,0,1,0,0,1,0,0,0,0,1,0,0,0,0,0,0
353,0,-1.0365548989295912,0.4348566085295151,0.8299628186941583,-0.7294209851666192,0,0.7052385879890675,0,-0.527716387139349,-0.5770183062081916,0,0,1,0,1,1,0,0,0,0,1,0,0,0,0,0,0,0,0,0,0,1
354,0,-0.29198573119960297,0.4348566085295151,-0.4462001942704374,-0.2215704858849707,0,0.08445083931801861,0,0.21427410350288992,-0.44358873348557354,0,0,1,0,1,0,0,1,0,0,1,0,0,0,0,0,0,0,0,0,0,1
355,0,-0.21752881442660418,-0.4604992586639336,-0.4462001942704374,-0.7296227647951226,0,-0.5363369093530302,1,-0.527716387139349,-0.5773537169129049,0,0,1,0,1,1,0,0,0,0,1,0,0,0,0,0,0,0,0,0,0,1
356,0,-0.06861498088060655,-0.4604992586639336,-0.4462001942704374,-0.6203254660224894,0,-0.5363369093530302,1,-0.527716387139349,-0.3956729185265295,0,0,1,0,1,0,0,1,0,0,1,0,0,0,0,0,0,0,0,0,0,1
357,1,-0.5153564815185995,-0.4604992586639336,0.8299628186941583,1.5656205094301732,1,0.08445083931801861,0,0.21427410350288992,1.0418015302447923,1,0,0,1,0,0,0,1,0,1,0,0,0,0,0,0,0,1,0,0,0,0
358,0,0.6759541868493816,-0.4604992586639336,-0.4462001942704374,-0.4521757756030538,0,-0.5363369093530302,1,-0.527716387139349,-0.11616399793210583,0,1,0,1,0,0,0,1,0,1,0,0,0,0,0,0,0,0,0,0,0,1
359,1,-0.8131841486105947,-0.4604992586639336,-0.4462001942704374,-0.6981931855172954,0,-0.5363369093530302,1,-0.527716387139349,-0.5251095066692272,0,0,1,1,0,0,1,0,0,1,0,0,0,0,0,0,0,0,0,0,0,1
360,1,-0.8131841486105947,-0.4604992586639336,-0.4462001942704374,-0.6981931855172954,0,-0.5363369093530302,1,-0.527716387139349,-0.5251095066692272,0,0,1,1,0,0,1,0,0,1,0,0,0,0,0,0,0,0,0,0,0,1
361,0,0.8248680203953792,0.4348566085295151,4.658451857587946,0.26366147789682903,0,2.567601834002214,0,3.1822360660718454,-0.7829924227788023,0,0,1,0,1,0,0,1,0,0,1,0,0,0,0,0,0,0,0,0,0,1
362,0,0.005841935892392266,0.4348566085295151,-0.4462001942704374,0.255052213747354,0,0.08445083931801861,0,-0.527716387139349,1.0594345501497207,0,1,0,0,1,1,0,0,0,0,1,0,0,0,0,0,0,0,0,0,0,1
363,0,1.1971526042603733,-0.4604992586639336,0.8299628186941583,-0.3823119813722129,0,0.08445083931801861,0,0.21427410350288992,-0.5771860115605483,0,0,1,1,0,1,0,0,0,0,0,1,0,0,0,0,0,0,0,0,0,1
364,0,0.45258343653038513,-0.4604992586639336,-0.4462001942704374,-0.7380302493160943,0,-0.5363369093530302,1,-0.527716387139349,-0.5913291629426262,0,0,1,0,1,0,0,1,0,0,1,0,0,0,0,0,0,0,0,0,0,1
365,0,-0.21752881442660418,0.4348566085295151,-0.4462001942704374,-0.33206885387488555,0,0.08445083931801861,0,0.21427410350288992,-0.5354273788237414,0,0,1,0,1,0,1,0,0,0,1,0,0,0,0,0,0,0,0,0,0,1
366,0,0.08029885266539108,-0.4604992586639336,-0.4462001942704374,-0.7284216955778409,0,-0.5363369093530302,1,-0.527716387139349,-0.5753572246229447,0,0,1,0,1,0,0,1,0,0,1,0,0,0,0,0,0,0,0,0,0,1
367,1,2.3140063558553554,0.4348566085295151,-0.4462001942704374,2.5384865754283363,1,0.08445083931801861,0,-0.527716387139349,4.855101804068716,1,0,0,1,0,1,0,0,0,0,0,1,0,0,0,0,1,0,0,0,0,0
368,1,0.1547557694383899,-0.4604992586639336,-0.4462001942704374,-0.7294209851666192,0,-0.5363369093530302,1,-0.527716387139349,-0.5770183062081916,0,0,1,1,0,1,0,0,0,0,0,1,0,0,0,0,0,0,0,0,0,1
369,1,-0.8131841486105947,-0.4604992586639336,-0.4462001942704374,-0.7044003112322071,0,-0.5363369093530302,1,-0.527716387139349,-0.5354273788237414,0,0,1,1,0,0,1,0,0,1,0,0,0,0,0,0,0,0,0,0,0,1
370,1,-0.3664426479726018,-0.4604992586639336,-0.4462001942704374,2.2526321017152955,1,-0.5363369093530302,1,0.21427410350288992,1.6127983251734008,1,0,0,1,0,1,0,0,0,0,0,1,0,0,1,0,0,0,0,0,0,0
371,1,-0.29198573119960297,0.4348566085295151,-0.4462001942704374,1.586841000361106,1,0.08445083931801861,0,-0.527716387139349,3.2732170749799945,1,0,0,0,1,1,0,0,0,0,1,0,0,0,0,0,0,1,0,0,0,0
372,0,-0.8131841486105947,0.4348566085295151,-0.4462001942704374,-0.7646555517247947,0,0.08445083931801861,0,-0.527716387139349,-0.6355874040264631,0,0,1,0,1,0,0,1,0,0,1,0,0,0,0,0,0,0,0,0,0,1
373,0,-0.7387272318375959,-0.4604992586639336,-0.4462001942704374,-0.689987480624827,0,-0.5363369093530302,1,-0.527716387139349,-0.5114694713442193,0,0,1,0,1,0,0,1,0,0,1,0,0,0,0,0,0,0,0,0,0,1
375,0,-1.930037900205577,2.225568342916412,0.8299628186941583,-0.06423041842107033,0,1.9468140853311653,0,1.6982550847873676,-0.7335792386022882,0,0,1,1,0,0,0,1,0,1,0,0,0,0,0,0,0,0,0,0,0,1
376,1,0.8248680203953792,0.4348566085295151,-0.4462001942704374,2.870980968986859,0,0.08445083931801861,0,0.21427410350288992,2.126727384485788,1,0,0,1,0,1,0,0,0,0,0,1,0,0,0,0,0,0,0,0,0,1
377,1,-0.5153564815185995,-0.4604992586639336,-0.4462001942704374,-0.7284216955778409,0,-0.5363369093530302,1,-0.527716387139349,-0.5753572246229447,0,0,1,1,0,0,0,1,0,1,0,0,0,0,0,0,0,0,0,0,0,1
379,0,-0.6642703150645971,-0.4604992586639336,-0.4462001942704374,-0.8839601592158187,0,-0.5363369093530302,1,-0.527716387139349,-0.8339029761727865,0,0,1,0,1,1,0,0,0,0,1,0,0,0,0,0,0,0,0,0,0,1
380,0,-0.7387272318375959,-0.4604992586639336,-0.4462001942704374,-0.7031992420149255,0,-0.5363369093530302,1,-0.527716387139349,-0.5334308865337811,0,0,1,0,1,0,0,1,0,0,1,0,0,0,0,0,0,0,0,0,0,1
382,1,-2.0789517337515746,-0.4604992586639336,2.1061258316587543,-0.3204569166822062,0,0.7052385879890675,0,0.21427410350288992,-0.525776335094074,0,0,1,1,0,1,0,0,0,1,0,0,0,0,0,0,0,0,0,0,0,1
383,0,0.2292126862113887,-0.4604992586639336,-0.4462001942704374,-0.6959928267112353,0,-0.5363369093530302,1,-0.527716387139349,-0.5214519327940202,0,0,1,0,1,0,0,1,0,0,1,0,0,0,0,0,0,0,0,0,0,1
384,1,0.45258343653038513,0.4348566085295151,-0.4462001942704374,1.4214922033563713,0,0.08445083931801861,0,0.21427410350288992,0.9220119928471822,1,0,0,1,0,0,0,1,0,0,0,1,0,0,0,0,0,0,0,0,0,1
385,0,-0.21752881442660418,-0.4604992586639336,-0.4462001942704374,-0.6973956755570203,0,-0.5363369093530302,1,-0.527716387139349,-0.5237838357886936,0,0,1,0,1,0,0,1,0,0,1,0,0,0,0,0,0,0,0,0,0,1
386,0,-0.8131841486105947,-0.4604992586639336,-0.4462001942704374,2.4544117302186184,0,-0.5363369093530302,1,2.4402455754296066,0.019597477785185616,0,1,0,0,1,0,0,1,0,0,1,0,0,0,0,0,0,0,0,0,0,1
387,0,-2.0789517337515746,4.0162800773033105,2.1061258316587543,1.176474083030908,0,3.809177331344312,0,3.1822360660718454,-0.5301033993838477,0,0,1,0,1,0,0,1,1,0,0,0,0,0,0,0,0,0,0,0,0,1
388,1,0.527040353303384,-0.4604992586639336,-0.4462001942704374,-0.4521757756030538,0,-0.5363369093530302,1,-0.527716387139349,-0.11616399793210583,0,1,0,1,0,0,0,1,0,1,0,0,0,0,0,0,0,0,0,0,0,1
389,0,-0.21752881442660418,-0.4604992586639336,-0.4462001942704374,-0.7053996008209856,0,-0.5363369093530302,1,-0.527716387139349,-0.5370884604089883,0,0,1,0,1,0,1,0,0,0,1,0,0,0,0,0,0,0,0,0,0,1
390,1,-0.8876410653835936,-0.4604992586639336,-0.4462001942704374,-0.5002185442943211,0,-0.5363369093530302,1,-0.527716387139349,-0.1960236895305126,0,1,0,1,0,1,0,0,0,1,0,0,0,0,0,0,0,0,0,0,0,1
392,1,-0.5898133982915983,-0.4604992586639336,-0.4462001942704374,-0.7021999524261471,0,-0.5363369093530302,1,-0.527716387139349,-0.5317698049485343,0,0,1,0,1,0,0,1,0,0,1,0,0,0,0,0,0,0,0,0,0,1
393,0,-0.06861498088060655,1.3302124757229636,-0.4462001942704374,-0.6959928267112353,0,0.7052385879890675,0,-0.527716387139349,-0.5214519327940202,0,0,1,0,1,0,0,1,0,0,1,0,0,0,0,0,0,0,0,0,0,1
395,1,-0.3664426479726018,-0.4604992586639336,2.1061258316587543,-0.2744175314453648,1,0.7052385879890675,0,0.21427410350288992,-0.48751156386469735,0,0,1,1,0,0,0,1,0,0,0,1,0,0,0,0,0,0,0,1,0,0
396,0,-0.5153564815185995,-0.4604992586639336,-0.4462001942704374,-0.7021999524261471,0,-0.5363369093530302,1,-0.527716387139349,-0.5317698049485343,0,0,1,0,1,0,0,1,0,0,1,0,0,0,0,0,0,0,0,0,0,1
397,0,0.1547557694383899,-0.4604992586639336,-0.4462001942704374,-0.6993942547345772,0,-0.5363369093530302,1,-0.527716387139349,-0.5271059989591874,0,0,1,1,0,0,0,1,0,1,0,0,0,0,0,0,0,0,0,0,0,1
398,0,1.2716095210333722,-0.4604992586639336,-0.4462001942704374,0.17238021738342119,0,-0.5363369093530302,1,0.21427410350288992,-0.11616399793210583,0,1,0,0,1,0,0,1,0,0,1,0,0,0,0,0,0,0,0,0,0,1
399,0,-0.4408995647456006,-0.4604992586639336,-0.4462001942704374,-0.5722826973312221,0,-0.5363369093530302,1,-0.527716387139349,-0.31581322692812275,0,1,0,0,1,0,0,1,0,0,0,0,1,0,0,0,0,0,0,0,0,1
400,1,-0.06861498088060655,-0.4604992586639336,-0.4462001942704374,-0.46899074464499735,0,-0.5363369093530302,1,-0.527716387139349,-0.14411488999154817,0,1,0,1,0,0,0,1,0,0,0,1,0,0,0,0,0,0,0,0,0,1
401,1,0.7504111036223804,-0.4604992586639336,-0.4462001942704374,-0.6959928267112353,0,-0.5363369093530302,1,-0.527716387139349,-0.5214519327940202,0,0,1,0,1,0,0,1,0,0,1,0,0,0,0,0,0,0,0,0,0,1
402,0,-0.21752881442660418,-0.4604992586639336,-0.4462001942704374,-0.689987480624827,0,-0.5363369093530302,1,-0.527716387139349,-0.5114694713442193,0,0,1,0,1,0,0,1,0,0,1,0,0,0,0,0,0,0,0,0,0,1
403,0,-0.5898133982915983,0.4348566085295151,-0.4462001942704374,-0.6047115661978275,0,0.08445083931801861,0,-0.527716387139349,-0.36971851875704737,0,0,1,1,0,0,0,1,0,1,0,0,0,0,0,0,0,0,0,0,0,1
404,0,-0.06861498088060655,0.4348566085295151,-0.4462001942704374,-0.315253884832942,0,0.08445083931801861,0,0.21427410350288992,-0.5214519327940202,0,0,1,0,1,0,0,1,0,0,1,0,0,0,0,0,0,0,0,0,0,1
405,0,-0.6642703150645971,-0.4604992586639336,-0.4462001942704374,-0.6605612848014257,0,-0.5363369093530302,1,-0.527716387139349,-0.4625554102401952,0,0,1,1,0,0,0,1,0,1,0,0,0,0,0,0,0,0,0,0,0,1
406,0,0.3781265197573863,0.4348566085295151,-0.4462001942704374,-0.06783362607291533,0,0.08445083931801861,0,-0.527716387139349,0.5227135348551483,0,1,0,0,1,0,0,1,0,0,1,0,0,0,0,0,0,0,0,0,0,1
407,0,1.6438941048983662,-0.4604992586639336,-0.4462001942704374,-0.7044003112322071,0,-0.5363369093530302,1,-0.527716387139349,-0.5354273788237414,0,0,1,0,1,0,0,1,0,0,1,0,0,0,0,0,0,0,0,0,0,1
408,1,-1.930037900205577,0.4348566085295151,0.8299628186941583,-0.17592985562826677,0,0.7052385879890675,0,0.9562645941451289,-0.6552169162213515,0,1,0,0,1,0,0,1,1,0,0,0,0,0,0,0,0,0,0,0,0,1
409,0,-0.5898133982915983,-0.4604992586639336,-0.4462001942704374,-0.7031992420149255,0,-0.5363369093530302,1,-0.527716387139349,-0.5334308865337811,0,0,1,0,1,0,0,1,0,0,1,0,0,0,0,0,0,0,0,0,0,1
410,0,-0.8131841486105947,2.225568342916412,0.8299628186941583,0.14675900884036833,0,1.9468140853311653,0,1.6982550847873676,-0.6458992867041075,0,0,1,1,0,0,0,1,0,1,0,0,0,0,0,0,0,0,0,0,0,1
411,0,-0.21752881442660418,-0.4604992586639336,-0.4462001942704374,-0.6973956755570203,0,-0.5363369093530302,1,-0.527716387139349,-0.5237838357886936,0,0,1,0,1,0,0,1,0,0,1,0,0,0,0,0,0,0,0,0,0,1
412,0,-0.21752881442660418,-0.4604992586639336,-0.4462001942704374,-0.7472400480742102,0,-0.5363369093530302,1,-0.527716387139349,-0.6066382658220407,0,0,1,0,1,0,1,0,0,0,1,0,0,0,0,0,0,0,0,0,0,1
413,1,0.30366960298438755,0.4348566085295151,-0.4462001942704374,3.247117413624529,1,0.08445083931801861,0,0.21427410350288992,2.439346133216911,1,0,0,1,0,0,1,0,0,1,0,0,0,0,0,1,0,0,0,0,0,0
414,0,0.1547557694383899,-0.4604992586639336,-0.4462001942704374,-1.0767317685895288,0,-0.5363369093530302,1,0.9562645941451289,-1.1543399887113939,0,1,0,0,1,0,0,1,0,0,1,0,0,0,0,0,0,0,0,0,0,1
415,1,1.1226956874873746,-0.4604992586639336,-0.4462001942704374,-0.6959928267112353,0,-0.5363369093530302,1,-0.527716387139349,-0.5214519327940202,0,0,1,0,1,0,0,1,0,0,1,0,0,0,0,0,0,0,0,0,0,1
416,0,0.1547557694383899,-0.4604992586639336,-0.4462001942704374,-0.689987480624827,0,-0.5363369093530302,1,-0.527716387139349,-0.5114694713442193,0,0,1,1,0,0,0,1,0,0,0,1,0,0,0,0,0,0,0,0,0,1
417,1,0.3781265197573863,0.4348566085295151,0.8299628186941583,0.4846582138766587,0,0.7052385879890675,0,-0.527716387139349,1.4410999882368263,0,1,0,1,0,0,0,1,0,0,0,1,0,0,0,0,0,0,0,0,0,1
418,1,-0.8131841486105947,-0.4604992586639336,2.1061258316587543,-0.4521757756030538,0,0.7052385879890675,0,-0.527716387139349,-0.11616399793210583,0,1,0,1,0,0,0,1,0,1,0,0,0,0,0,0,0,0,0,0,0,1
419,0,0.08029885266539108,-0.4604992586639336,-0.4462001942704374,-0.4521757756030538,0,-0.5363369093530302,1,-0.527716387139349,-0.11616399793210583,0,1,0,0,1,0,0,1,0,0,1,0,0,0,0,0,0,0,0,0,0,1
420,0,-1.4088394827945852,-0.4604992586639336,2.1061258316587543,0.08350109530457661,0,0.7052385879890675,0,0.9562645941451289,-0.5114694713442194,0,0,1,1,0,0,0,1,0,1,0,0,0,0,0,0,0,0,0,0,0,1
421,0,-0.21752881442660418,-0.4604992586639336,-0.4462001942704374,-0.6973956755570203,0,-0.5363369093530302,1,-0.527716387139349,-0.5237838357886936,0,0,1,0,1,1,0,0,0,0,1,0,0,0,0,0,0,0,0,0,0,1
422,0,-0.5898133982915983,-0.4604992586639336,-0.4462001942704374,-0.7052026254693513,0,-0.5363369093530302,1,-0.527716387139349,-0.5367610356734348,0,0,1,0,1,0,1,0,0,0,1,0,0,0,0,0,0,0,0,0,0,1
423,0,0.005841935892392266,-0.4604992586639336,-0.4462001942704374,-0.6983949651457988,0,-0.5363369093530302,1,-0.527716387139349,-0.5254449173739405,0,0,1,0,1,0,0,1,0,0,1,0,0,0,0,0,0,0,0,0,0,1
424,0,-0.06861498088060655,0.4348566085295151,0.8299628186941583,-0.38491589943527954,0,0.7052385879890675,0,0.21427410350288992,-0.5793502092028651,0,0,1,1,0,0,0,1,0,0,0,1,0,0,0,0,0,0,0,0,0,1
425,0,-0.8131841486105947,0.4348566085295151,0.8299628186941583,-0.10566730641728841,0,0.7052385879890675,0,0.21427410350288992,-0.34725798049499546,0,0,1,0,1,0,0,1,0,0,1,0,0,0,0,0,0,0,0,0,0,1
426,0,-0.21752881442660418,-0.4604992586639336,-0.4462001942704374,-0.7284216955778409,0,-0.5363369093530302,1,-0.527716387139349,-0.5753572246229447,0,0,1,0,1,0,0,1,0,0,1,0,0,0,0,0,0,0,0,0,0,1
427,1,-0.06861498088060655,0.4348566085295151,-0.4462001942704374,0.17238021738342119,0,0.08445083931801861,0,-0.527716387139349,0.9220119928471822,0,1,0,1,0,0,0,1,0,0,0,1,0,0,0,0,0,0,0,0,0,1
428,1,-0.7387272318375959,-0.4604992586639336,-0.4462001942704374,0.17238021738342119,0,-0.5363369093530302,1,0.21427410350288992,-0.11616399793210583,0,1,0,1,0,0,0,1,0,1,0,0,0,0,0,0,0,0,0,0,0,1
429,0,-0.21752881442660418,-0.4604992586639336,-0.4462001942704374,-0.7044003112322071,0,-0.5363369093530302,1,-0.527716387139349,-0.5354273788237414,0,0,1,0,1,0,1,0,0,0,1,0,0,0,0,0,0,0,0,0,0,1
430,1,0.2292126862113887,-0.4604992586639336,-0.4462001942704374,-0.689987480624827,1,-0.5363369093530302,1,-0.527716387139349,-0.5114694713442193,0,0,1,0,1,0,0,1,0,0,1,0,0,0,0,0,0,1,0,0,0,0
431,1,-0.06861498088060655,-0.4604992586639336,-0.4462001942704374,0.19880374016361824,1,-0.5363369093530302,1,-0.527716387139349,0.965934823226306,1,0,0,0,1,0,0,1,0,0,1,0,0,0,0,1,0,0,0,0,0,0
432,1,0.1547557694383899,0.4348566085295151,-0.4462001942704374,-0.30324319266012506,0,0.08445083931801861,0,0.21427410350288992,-0.5114694713442193,0,0,1,1,0,0,0,1,0,0,0,1,0,0,0,0,0,0,0,0,0,1
433,1,0.9737818539413768,0.4348566085295151,-0.4462001942704374,0.17238021738342119,0,0.08445083931801861,0,-0.527716387139349,0.9220119928471822,0,1,0,1,0,0,0,1,0,0,0,1,0,0,0,0,0,0,0,0,0,1
434,0,-0.8876410653835936,-0.4604992586639336,-0.4462001942704374,-0.7344270416642492,0,-0.5363369093530302,1,-0.527716387139349,-0.5853396860727456,0,0,1,0,1,0,0,1,0,0,1,0,0,0,0,0,0,0,0,0,0,1
435,0,1.5694371881253675,0.4348566085295151,-0.4462001942704374,1.6088590012523134,1,0.08445083931801861,0,0.21427410350288992,1.0777383914640752,1,0,0,0,1,0,0,1,0,0,1,0,0,0,0,0,0,1,0,0,0,0
437,0,-0.5898133982915983,1.3302124757229636,2.1061258316587543,0.5747384051727848,0,1.9468140853311653,0,1.6982550847873676,-0.46804576403758563,0,0,1,1,0,0,0,1,0,1,0,0,0,0,0,0,0,0,0,0,0,1
438,1,-0.3664426479726018,1.3302124757229636,3.38228884462335,-0.17592985562826677,0,2.567601834002214,0,0.9562645941451289,-0.6552169162213515,0,1,0,1,0,0,0,1,0,0,0,1,0,0,0,0,0,0,0,0,0,1
440,0,0.1547557694383899,-0.4604992586639336,-0.4462001942704374,-0.5722826973312221,0,-0.5363369093530302,1,-0.527716387139349,-0.31581322692812275,0,1,0,0,1,0,0,1,0,0,1,0,0,0,0,0,0,0,0,0,0,1
441,1,1.1971526042603733,0.4348566085295151,0.8299628186941583,0.18439090955623802,0,0.7052385879890675,0,0.9562645941451289,-0.4555676872253346,0,1,0,1,0,0,0,1,0,0,0,1,0,0,0,0,0,0,0,0,0,1
442,0,-0.6642703150645971,-0.4604992586639336,-0.4462001942704374,-0.6203254660224894,0,-0.5363369093530302,1,-0.527716387139349,-0.3956729185265295,0,0,1,0,1,0,0,1,0,0,1,0,0,0,0,0,0,0,0,0,0,1
443,0,-0.29198573119960297,0.4348566085295151,-0.4462001942704374,-0.7031992420149255,0,0.08445083931801861,0,-0.527716387139349,-0.5334308865337811,0,0,1,0,1,0,0,1,0,0,1,0,0,0,0,0,0,0,0,0,0,1
444,1,-0.06861498088060655,-0.4604992586639336,-0.4462001942704374,-0.4521757756030538,0,-0.5363369093530302,1,-0.527716387139349,-0.11616399793210583,0,1,0,1,0,0,0,1,0,1,0,0,0,0,0,0,0,0,0,0,0,1
445,1,-0.21752881442660418,-0.4604992586639336,-0.4462001942704374,-0.6869848075816227,0,-0.5363369093530302,1,-0.527716387139349,-0.5064782406193189,0,0,1,0,1,0,0,1,0,0,1,0,0,0,0,0,0,0,0,0,0,1
446,1,-1.855580983432578,-0.4604992586639336,2.1061258316587543,2.855967603770838,1,0.7052385879890675,0,-0.527716387139349,5.382838604058467,1,0,0,0,1,0,0,1,1,0,0,0,0,1,0,0,0,0,0,0,0,0
447,1,-1.1854687324755888,-0.4604992586639336,0.8299628186941583,-0.1398977791098163,0,0.08445083931801861,0,0.21427410350288992,-0.3757079956269278,0,1,0,1,0,0,0,1,0,1,0,0,0,0,0,0,0,0,0,0,0,1
448,1,0.3781265197573863,-0.4604992586639336,-0.4462001942704374,0.19880374016361824,0,-0.5363369093530302,1,-0.527716387139349,0.965934823226306,1,0,0,0,1,0,0,1,0,0,1,0,0,0,0,0,0,0,0,0,0,1
449,1,-1.7811240666595793,1.3302124757229636,0.8299628186941583,-0.15150971630249568,0,1.3260263366601164,0,1.6982550847873676,-0.7698495140339946,0,0,1,1,0,1,0,0,0,1,0,0,0,0,0,0,0,0,0,0,0,1
450,1,1.718351021671365,-0.4604992586639336,-0.4462001942704374,0.3885726764941241,1,-0.5363369093530302,1,-0.527716387139349,1.2813806050400127,1,0,0,0,1,0,0,1,0,0,0,0,1,0,0,1,0,0,0,0,0,0
451,0,0.527040353303384,0.4348566085295151,2.1061258316587543,0.256455062593139,0,1.3260263366601164,0,0.9562645941451289,-0.4156378414261312,0,1,0,0,1,0,0,1,0,0,1,0,0,0,0,0,0,0,0,0,0,1
452,0,-0.21752881442660418,0.4348566085295151,-0.4462001942704374,-0.11747621896160187,0,0.08445083931801861,0,-0.527716387139349,0.44019451552651456,0,0,1,0,1,0,0,1,0,0,1,0,0,0,0,0,0,0,0,0,0,1
453,0,0.08029885266539108,-0.4604992586639336,-0.4462001942704374,0.256455062593139,1,-0.5363369093530302,1,-0.527716387139349,1.061766453144394,1,0,0,0,1,1,0,0,0,0,1,0,0,0,0,1,0,0,0,0,0,0
454,1,1.4949802713523686,0.4348566085295151,-0.4462001942704374,3.204080701430892,1,0.08445083931801861,0,0.21427410350288992,2.4035769773499847,1,0,0,0,1,1,0,0,0,0,1,0,0,0,0,1,0,0,0,0,0,0
455,0,-0.21752881442660418,-0.4604992586639336,-0.4462001942704374,-0.689987480624827,0,-0.5363369093530302,1,-0.527716387139349,-0.5114694713442193,0,0,1,0,1,0,0,1,0,0,1,0,0,0,0,0,0,0,0,0,0,1
456,1,0.005841935892392266,-0.4604992586639336,-0.4462001942704374,-0.6973956755570203,0,-0.5363369093530302,1,-0.527716387139349,-0.5237838357886936,0,0,1,0,1,1,0,0,0,0,1,0,0,0,0,0,0,0,0,0,0,1
457,0,2.68629093972035,-0.4604992586639336,-0.4462001942704374,0.19880374016361824,1,-0.5363369093530302,1,-0.527716387139349,0.965934823226306,1,0,0,0,1,0,0,1,0,0,1,0,0,0,0,0,0,1,0,0,0,0
458,1,0.8248680203953792,0.4348566085295151,-0.4462001942704374,1.4148863226613217,1,0.08445083931801861,0,-0.527716387139349,2.987383266810977,1,0,0,1,0,0,0,1,0,0,0,1,0,0,0,0,1,0,0,0,0,0
459,1,1.5694371881253675,-0.4604992586639336,-0.4462001942704374,-0.5722826973312221,0,-0.5363369093530302,1,-0.527716387139349,-0.31581322692812275,0,1,0,1,0,0,0,1,0,1,0,0,0,0,0,0,0,0,0,0,0,1
460,0,-0.21752881442660418,-0.4604992586639336,-0.4462001942704374,-0.7044003112322071,0,-0.5363369093530302,1,-0.527716387139349,-0.5354273788237414,0,0,1,0,1,0,1,0,0,0,1,0,0,0,0,0,0,0,0,0,0,1
461,1,1.4205233545793698,-0.4604992586639336,-0.4462001942704374,0.19880374016361824,1,-0.5363369093530302,1,-0.527716387139349,0.965934823226306,1,0,0,0,1,0,0,1,0,0,1,0,0,0,0,0,0,1,0,0,0,0
462,0,0.3781265197573863,-0.4604992586639336,-0.4462001942704374,-0.689987480624827,0,-0.5363369093530302,1,-0.527716387139349,-0.5114694713442193,0,0,1,0,1,0,0,1,0,0,1,0,0,0,0,0,0,0,0,0,0,1
463,0,1.346066437806371,-0.4604992586639336,-0.4462001942704374,0.7729148260242625,1,-0.5363369093530302,1,-0.527716387139349,1.920258137827267,1,0,0,0,1,0,0,1,0,0,1,0,0,0,0,0,0,1,0,0,0,0
464,0,1.4205233545793698,-0.4604992586639336,-0.4462001942704374,-0.4521757756030538,0,-0.5363369093530302,1,-0.527716387139349,-0.11616399793210583,0,1,0,0,1,0,0,1,0,0,1,0,0,0,0,0,0,0,0,0,0,1
465,0,-0.21752881442660418,-0.4604992586639336,-0.4462001942704374,-0.689987480624827,0,-0.5363369093530302,1,-0.527716387139349,-0.5114694713442193,0,0,1,0,1,0,0,1,0,0,1,0,0,0,0,0,0,0,0,0,0,1
466,0,0.6759541868493816,-0.4604992586639336,-0.4462001942704374,-0.7380302493160943,0,-0.5363369093530302,1,-0.527716387139349,-0.5913291629426262,0,0,1,0,1,0,0,1,0,0,1,0,0,0,0,0,0,0,0,0,0,1
467,0,0.1547557694383899,-0.4604992586639336,-0.4462001942704374,-1.0767317685895288,0,-0.5363369093530302,1,0.9562645941451289,-1.1543399887113939,0,1,0,0,1,0,0,1,0,0,1,0,0,0,0,0,0,0,0,0,0,1
468,0,2.01617868876336,-0.4604992586639336,-0.4462001942704374,0.19880374016361824,0,-0.5363369093530302,1,-0.527716387139349,0.965934823226306,1,0,0,0,1,0,0,1,0,0,1,0,0,0,0,0,0,0,0,0,0,1
469,0,-0.21752881442660418,-0.4604992586639336,-0.4462001942704374,-0.7056013804494888,0,-0.5363369093530302,1,-0.527716387139349,-0.5374238711137016,0,0,1,0,1,0,1,0,0,0,1,0,0,0,0,0,0,0,0,0,0,1
470,1,-2.0975659629448242,1.3302124757229636,0.8299628186941583,-0.15150971630249568,0,1.3260263366601164,0,1.6982550847873676,-0.7698495140339946,0,0,1,1,0,1,0,0,0,1,0,0,0,0,0,0,0,0,0,0,0,1
471,0,-0.21752881442660418,-0.4604992586639336,-0.4462001942704374,-0.7284216955778409,0,-0.5363369093530302,1,-0.527716387139349,-0.5753572246229447,0,0,1,0,1,0,0,1,0,0,1,0,0,0,0,0,0,0,0,0,0,1
472,0,0.6759541868493816,-0.4604992586639336,-0.4462001942704374,-0.6605612848014257,0,-0.5363369093530302,1,-0.527716387139349,-0.4625554102401952,0,0,1,0,1,0,0,1,0,0,1,0,0,0,0,0,0,0,0,0,0,1
473,1,0.30366960298438755,0.4348566085295151,2.1061258316587543,0.256455062593139,0,1.3260263366601164,0,0.9562645941451289,-0.4156378414261312,0,1,0,1,0,0,0,1,0,0,0,1,0,0,0,0,0,0,0,0,0,1
474,1,-0.4408995647456006,-0.4604992586639336,-0.4462001942704374,-0.41414031563017745,1,-0.5363369093530302,1,-0.527716387139349,-0.05293908009364715,0,1,0,1,0,1,0,0,0,0,0,1,0,0,0,0,1,0,0,0,0,0
475,0,-0.5153564815185995,-0.4604992586639336,-0.4462001942704374,-0.6041110315891867,0,-0.5363369093530302,1,-0.527716387139349,-0.3687202726120672,0,0,1,1,0,0,0,1,0,1,0,0,0,0,0,0,0,0,0,0,0,1
476,0,0.8248680203953792,-0.4604992586639336,-0.4462001942704374,1.4214922033563713,1,-0.5363369093530302,1,0.21427410350288992,0.9220119928471822,1,0,0,0,1,0,0,1,0,0,1,0,0,1,0,0,0,0,0,0,0,0
477,0,0.3781265197573863,0.4348566085295151,-0.4462001942704374,-0.06783362607291533,0,0.08445083931801861,0,0.21427410350288992,-0.31581322692812275,0,1,0,0,1,0,0,1,0,0,1,0,0,0,0,0,0,0,0,0,0,1
478,0,0.005841935892392266,0.4348566085295151,-0.4462001942704374,-0.7382320289445976,0,0.08445083931801861,0,-0.527716387139349,-0.5916645736473394,0,0,1,0,1,0,0,1,0,0,1,0,0,0,0,0,0,0,0,0,0,1
479,0,-0.5153564815185995,-0.4604992586639336,-0.4462001942704374,-0.7154117138162456,0,-0.5363369093530302,1,-0.527716387139349,-0.5537312201380962,0,0,1,0,1,0,0,1,0,0,1,0,0,0,0,0,0,0,0,0,0,1
480,1,-2.0044948169785757,-0.4604992586639336,0.8299628186941583,-0.48640624829558177,0,0.08445083931801861,0,-0.527716387139349,-0.1730640281959707,0,0,1,1,0,0,0,1,0,1,0,0,0,0,0,0,0,0,0,0,0,1
481,0,-1.483296399567584,4.0162800773033105,2.1061258316587543,1.176474083030908,0,3.809177331344312,0,3.1822360660718454,-0.5301033993838477,0,0,1,0,1,0,0,1,1,0,0,0,0,0,0,0,0,0,0,0,0,1
482,0,0.1547557694383899,-0.4604992586639336,-0.4462001942704374,-1.0767317685895288,0,-0.5363369093530302,1,-0.527716387139349,-1.1543399887113939,0,1,0,0,1,0,0,1,0,0,1,0,0,0,0,0,0,0,0,0,0,1
483,0,1.5694371881253675,-0.4604992586639336,-0.4462001942704374,-0.689987480624827,0,-0.5363369093530302,1,-0.527716387139349,-0.5114694713442193,0,0,1,0,1,0,0,1,0,0,1,0,0,0,0,0,0,0,0,0,0,1
484,1,2.537377106174352,-0.4604992586639336,-0.4462001942704374,-0.6161217237620035,0,-0.5363369093530302,1,-0.527716387139349,-0.3886851955116689,0,0,1,1,0,0,0,1,0,0,0,1,0,0,0,0,0,0,0,0,0,1
485,1,-0.29198573119960297,0.4348566085295151,-0.4462001942704374,3.2989651695961446,1,0.08445083931801861,0,0.21427410350288992,2.482438422803411,1,0,0,0,1,1,0,0,0,0,1,0,0,0,1,0,0,0,0,0,0,0
486,0,-0.8131841486105947,2.225568342916412,0.8299628186941583,0.14675900884036833,0,1.9468140853311653,0,1.6982550847873676,-0.6458992867041075,0,0,1,1,0,0,0,1,0,1,0,0,0,0,0,0,0,0,0,0,0,1
487,1,0.45258343653038513,0.4348566085295151,-0.4462001942704374,3.247117413624529,1,0.08445083931801861,0,0.21427410350288992,2.439346133216911,1,0,0,1,0,0,0,1,0,0,0,1,0,0,0,1,0,0,0,0,0,0
488,0,2.165092522309358,-0.4604992586639336,-0.4462001942704374,0.3501384615411102,1,-0.5363369093530302,1,-0.527716387139349,1.217492851761287,1,0,0,0,1,1,0,0,0,0,1,0,0,0,1,0,0,0,0,0,0,0
489,0,0.08029885266539108,-0.4604992586639336,-0.4462001942704374,-0.689987480624827,0,-0.5363369093530302,1,-0.527716387139349,-0.5114694713442193,0,0,1,0,1,0,0,1,0,0,1,0,0,0,0,0,0,0,0,0,0,1
490,1,-1.483296399567584,0.4348566085295151,0.8299628186941583,-0.3128517463983786,0,0.7052385879890675,0,0.21427410350288992,-0.51945544050406,0,0,1,0,1,0,0,1,1,0,0,0,0,0,0,0,0,0,0,0,0,1
491,0,-0.21752881442660418,0.4348566085295151,-0.4462001942704374,-0.11747621896160187,0,0.08445083931801861,0,-0.527716387139349,0.44019451552651456,0,0,1,0,1,0,0,1,0,0,1,0,0,0,0,0,0,0,0,0,0,1
492,0,-0.5898133982915983,-0.4604992586639336,-0.4462001942704374,-0.7284216955778409,0,-0.5363369093530302,1,-0.527716387139349,-0.5753572246229447,0,0,1,0,1,0,0,1,0,0,1,0,0,0,0,0,0,0,0,0,0,1
493,0,1.9417217719903614,-0.4604992586639336,-0.4462001942704374,0.3885726764941241,1,-0.5363369093530302,1,-0.527716387139349,1.2813806050400127,1,0,0,0,1,0,0,1,0,0,1,0,0,0,0,1,0,0,0,0,0,0
494,0,3.1330324403583427,-0.4604992586639336,-0.4462001942704374,1.3015870612567062,0,-0.5363369093530302,1,-0.527716387139349,2.7990501561144545,1,0,0,0,1,1,0,0,0,0,1,0,0,0,0,0,0,0,0,0,0,1
495,0,-0.5898133982915983,-0.4604992586639336,-0.4462001942704374,-0.689987480624827,0,-0.5363369093530302,1,-0.527716387139349,-0.5114694713442193,0,0,1,0,1,0,0,1,0,0,1,0,0,0,0,0,0,0,0,0,0,1
496,0,-0.21752881442660418,-0.4604992586639336,-0.4462001942704374,-0.3821150060205787,0,-0.5363369093530302,1,0.21427410350288992,-0.5770222991927716,0,0,1,0,1,1,0,0,0,0,1,0,0,0,0,0,0,0,0,0,0,1
497,1,1.8672648552173627,0.4348566085295151,-0.4462001942704374,2.6834171957392825,1,0.08445083931801861,0,0.21427410350288992,1.970837273501118,1,0,0,1,0,1,0,0,0,1,0,0,0,0,0,0,1,0,0,0,0,0
498,0,-0.21752881442660418,-0.4604992586639336,-0.4462001942704374,-0.35128596135139245,0,-0.5363369093530302,1,-0.527716387139349,0.05154135442454835,0,0,1,0,1,0,0,1,0,0,1,0,0,0,0,0,0,0,0,0,0,1
500,0,-0.3664426479726018,-0.4604992586639336,-0.4462001942704374,-0.7021999524261471,0,-0.5363369093530302,1,-0.527716387139349,-0.5317698049485343,0,0,1,0,1,0,0,1,0,0,1,0,0,0,0,0,0,0,0,0,0,1
501,0,-0.8876410653835936,-0.4604992586639336,-0.4462001942704374,-0.6605612848014257,0,-0.5363369093530302,1,-0.527716387139349,-0.4625554102401952,0,0,1,0,1,0,0,1,0,0,1,0,0,0,0,0,0,0,0,0,0,1
502,0,-0.5898133982915983,-0.4604992586639336,-0.4462001942704374,-0.7044003112322071,0,-0.5363369093530302,1,-0.527716387139349,-0.5354273788237414,0,0,1,1,0,0,1,0,0,1,0,0,0,0,0,0,0,0,0,0,0,1
503,0,-0.8131841486105947,-0.4604992586639336,-0.4462001942704374,-0.7102038776901122,0,-0.5363369093530302,1,-0.527716387139349,-0.5450744295688289,0,0,1,1,0,0,1,0,0,1,0,0,0,0,0,0,0,0,0,0,0,1
504,0,0.6014972700763828,-0.4604992586639336,-0.4462001942704374,-0.6161217237620035,0,-0.5363369093530302,1,-0.527716387139349,-0.3886851955116689,0,0,1,1,0,0,0,1,0,1,0,0,0,0,0,0,0,0,0,0,0,1
505,1,-0.9620979821565924,-0.4604992586639336,-0.4462001942704374,3.0789677232050936,1,-0.5363369093530302,1,0.9562645941451289,1.1482811190426678,1,0,0,1,0,0,0,1,0,1,0,0,0,0,1,0,0,0,0,0,0,0
507,1,0.30366960298438755,-0.4604992586639336,2.1061258316587543,0.17238021738342119,0,0.7052385879890675,0,0.21427410350288992,-0.11616399793210583,0,1,0,1,0,0,0,1,0,0,0,1,0,0,0,0,0,0,0,0,0,1
508,1,0.8248680203953792,-0.4604992586639336,-0.4462001942704374,0.19880374016361824,0,-0.5363369093530302,1,-0.527716387139349,0.965934823226306,1,0,0,0,1,0,0,1,0,0,1,0,0,0,0,0,0,0,0,0,0,1
509,0,-0.06861498088060655,-0.4604992586639336,-0.4462001942704374,0.005431596181267236,0,-0.5363369093530302,1,-0.527716387139349,0.6444995645427185,0,0,1,0,1,0,0,1,0,0,1,0,0,0,0,0,0,0,0,0,0,1
510,1,-0.21752881442660418,-0.4604992586639336,-0.4462001942704374,1.637482882838571,0,-0.5363369093530302,1,3.924226556714084,-0.5098061080534981,0,0,1,0,1,0,0,1,0,0,1,0,0,0,0,0,0,0,0,0,0,1
511,1,0.005841935892392266,-0.4604992586639336,-0.4462001942704374,-0.7044003112322071,0,-0.5363369093530302,1,-0.527716387139349,-0.5354273788237414,0,0,1,0,1,0,1,0,0,0,1,0,0,0,0,0,0,0,0,0,0,1
512,0,-0.21752881442660418,-0.4604992586639336,-0.4462001942704374,-0.689987480624827,0,-0.5363369093530302,1,-0.527716387139349,-0.5114694713442193,0,0,1,0,1,0,0,1,0,0,1,0,0,0,0,0,0,0,0,0,0,1
513,1,0.527040353303384,-0.4604992586639336,-0.4462001942704374,0.1861925133821606,1,-0.5363369093530302,1,-0.527716387139349,0.9449716541817242,1,0,0,0,1,0,0,1,0,0,1,0,0,0,0,0,0,1,0,0,0,0
514,1,1.8672648552173627,0.4348566085295151,-0.4462001942704374,1.7770086916717491,0,0.08445083931801861,0,-0.527716387139349,3.589325692233968,1,0,0,1,0,1,0,0,0,0,0,1,0,0,0,0,0,0,0,0,0,1
515,0,-0.3664426479726018,-0.4604992586639336,-0.4462001942704374,-0.7166127830335274,0,-0.5363369093530302,1,-0.527716387139349,-0.5557277124280564,0,0,1,0,1,0,0,1,0,0,1,0,0,0,0,0,0,0,0,0,0,1
516,0,1.346066437806371,-0.4604992586639336,-0.4462001942704374,0.5577216565023381,1,-0.5363369093530302,1,-0.527716387139349,1.5625506072196833,1,0,0,0,1,0,0,1,0,0,1,0,0,0,0,0,1,0,0,0,0,0
517,1,0.3781265197573863,-0.4604992586639336,-0.4462001942704374,-0.5722826973312221,1,-0.5363369093530302,1,-0.527716387139349,-0.31581322692812275,0,1,0,1,0,0,0,1,0,0,0,1,0,0,0,0,0,0,1,0,0,0
518,0,-0.21752881442660418,-0.4604992586639336,-0.4462001942704374,0.08350109530457661,0,-0.5363369093530302,1,0.9562645941451289,-0.5114694713442194,0,0,1,0,1,0,1,0,0,0,1,0,0,0,0,0,0,0,0,0,0,1
519,1,0.527040353303384,0.4348566085295151,-0.4462001942704374,0.17238021738342119,0,0.08445083931801861,0,-0.527716387139349,0.9220119928471822,0,1,0,1,0,0,0,1,0,0,0,1,0,0,0,0,0,0,0,0,0,1
520,0,0.2292126862113887,-0.4604992586639336,-0.4462001942704374,-0.6973956755570203,0,-0.5363369093530302,1,-0.527716387139349,-0.5237838357886936,0,0,1,0,1,0,0,1,0,0,1,0,0,0,0,0,0,0,0,0,0,1
521,1,0.08029885266539108,-0.4604992586639336,-0.4462001942704374,3.4152671040439646,1,-0.5363369093530302,1,0.21427410350288992,2.5791005935141227,1,0,0,1,0,0,0,1,0,1,0,0,0,0,1,0,0,0,0,0,0,0
522,0,-0.5153564815185995,-0.4604992586639336,-0.4462001942704374,-0.6973956755570203,0,-0.5363369093530302,1,-0.527716387139349,-0.5237838357886936,0,0,1,0,1,0,0,1,0,0,1,0,0,0,0,0,0,0,0,0,0,1
523,0,-0.21752881442660418,-0.4604992586639336,-0.4462001942704374,-0.7296227647951226,0,-0.5363369093530302,1,-0.527716387139349,-0.5773537169129049,0,0,1,0,1,1,0,0,0,0,1,0,0,0,0,0,0,0,0,0,0,1
524,1,1.1226956874873746,-0.4604992586639336,0.8299628186941583,1.7087495259151964,1,0.08445083931801861,0,0.21427410350288992,1.160760526849779,1,0,0,1,0,1,0,0,0,0,0,1,0,0,1,0,0,0,0,0,0,0
525,0,-0.21752881442660418,-0.4604992586639336,-0.4462001942704374,-0.7294209851666192,0,-0.5363369093530302,1,-0.527716387139349,-0.5770183062081916,0,0,1,0,1,1,0,0,0,0,1,0,0,0,0,0,0,0,0,0,0,1
526,0,0.8620964787818787,-0.4604992586639336,-0.4462001942704374,-0.7044003112322071,0,-0.5363369093530302,1,-0.527716387139349,-0.5354273788237414,0,0,1,0,1,0,1,0,0,0,1,0,0,0,0,0,0,0,0,0,0,1
527,1,1.5694371881253675,-0.4604992586639336,-0.4462001942704374,-0.5722826973312221,0,-0.5363369093530302,1,-0.527716387139349,-0.31581322692812275,0,1,0,1,0,0,0,1,0,1,0,0,0,0,0,0,0,0,0,0,0,1
529,0,0.7504111036223804,-0.4604992586639336,-0.4462001942704374,-0.6959928267112353,0,-0.5363369093530302,1,-0.527716387139349,-0.5214519327940202,0,0,1,0,1,0,0,1,0,0,1,0,0,0,0,0,0,0,0,0,0,1
530,0,-0.4408995647456006,1.3302124757229636,0.8299628186941583,-0.5242399286399547,0,1.3260263366601164,0,-0.527716387139349,-0.235953535329716,0,1,0,0,1,0,0,1,0,0,1,0,0,0,0,0,0,0,0,0,0,1
531,1,-2.0044948169785757,0.4348566085295151,0.8299628186941583,0.17238021738342119,0,0.7052385879890675,0,0.21427410350288992,-0.11616399793210583,0,1,0,1,0,0,0,1,0,1,0,0,0,0,0,0,0,0,0,0,0,1
532,0,-0.21752881442660418,-0.4604992586639336,-0.4462001942704374,-0.7294209851666192,0,-0.5363369093530302,1,-0.527716387139349,-0.5770183062081916,0,0,1,0,1,1,0,0,0,0,1,0,0,0,0,0,0,0,0,0,0,1
533,0,-0.8876410653835936,0.4348566085295151,0.8299628186941583,-0.7294209851666192,0,0.7052385879890675,0,-0.527716387139349,-0.5770183062081916,0,0,1,0,1,1,0,0,0,0,1,0,0,0,0,0,0,0,0,0,0,1
534,1,0.1547557694383899,-0.4604992586639336,2.1061258316587543,-0.002577133359566964,0,0.7052385879890675,0,0.21427410350288992,-0.2615765173790648,0,0,1,1,0,1,0,0,0,0,0,1,0,0,0,0,0,0,0,0,0,1
535,0,0.08029885266539108,-0.4604992586639336,-0.4462001942704374,-0.6605612848014257,0,-0.5363369093530302,1,-0.527716387139349,-0.4625554102401952,0,0,1,1,0,0,0,1,0,1,0,0,0,0,0,0,0,0,0,0,0,1
536,1,-1.6322102331135817,-0.4604992586639336,2.1061258316587543,0.18439090955623802,0,0.7052385879890675,0,0.9562645941451289,-0.4555676872253346,0,1,0,1,0,0,0,1,0,1,0,0,0,0,0,0,0,0,0,0,0,1
537,0,1.1971526042603733,-0.4604992586639336,-0.4462001942704374,0.19880374016361824,1,-0.5363369093530302,1,-0.527716387139349,0.965934823226306,1,0,0,0,1,0,0,1,0,0,0,0,1,0,1,0,0,0,0,0,0,0
539,0,-0.21752881442660418,-0.4604992586639336,-0.4462001942704374,-0.38011162256615283,0,-0.5363369093530302,1,-0.527716387139349,0.00362553946550432,0,0,1,0,1,0,0,1,0,0,1,0,0,0,0,0,0,0,0,0,0,1
540,1,-0.5153564815185995,-0.4604992586639336,2.1061258316587543,1.301385281628203,1,0.7052385879890675,0,-0.527716387139349,2.7987147454097414,1,0,0,1,0,1,0,0,0,1,0,0,0,0,1,0,0,0,0,0,0,0
541,1,0.527040353303384,-0.4604992586639336,2.1061258316587543,2.33430480849045,1,0.7052385879890675,0,0.21427410350288992,1.6806790630320465,1,0,0,1,0,0,0,1,0,1,0,0,0,0,1,0,0,0,0,0,0,0
542,0,-1.483296399567584,3.120924210109861,2.1061258316587543,0.4258058222298562,0,3.188389582673263,0,3.924226556714084,-0.7975382951770835,0,0,1,1,0,0,0,1,0,1,0,0,0,0,0,0,0,0,0,0,0,1
543,0,-1.3343825660215864,3.120924210109861,2.1061258316587543,0.4258058222298562,0,3.188389582673263,0,3.924226556714084,-0.7975382951770835,0,0,1,1,0,0,0,1,0,1,0,0,0,0,0,0,0,0,0,0,0,1
544,1,0.2292126862113887,0.4348566085295151,-0.4462001942704374,0.17238021738342119,0,0.08445083931801861,0,0.21427410350288992,-0.11616399793210583,0,1,0,0,1,0,0,1,0,0,1,0,0,0,0,0,0,0,0,0,0,1
546,0,2.611834022947351,-0.4604992586639336,-0.4462001942704374,0.17238021738342119,0,-0.5363369093530302,1,-0.527716387139349,0.9220119928471822,1,0,0,0,1,0,0,1,0,0,1,0,0,0,0,0,0,0,0,0,0,1
547,1,-0.7387272318375959,0.4348566085295151,-0.4462001942704374,0.17238021738342119,0,0.08445083931801861,0,0.21427410350288992,-0.11616399793210583,0,1,0,1,0,0,0,1,0,0,0,1,0,0,0,0,0,0,0,0,0,1
548,1,0.1547557694383899,-0.4604992586639336,-0.4462001942704374,-0.4107388876068357,0,-0.5363369093530302,1,-0.527716387139349,-0.04728501392847994,0,1,0,0,1,1,0,0,0,0,1,0,0,0,0,0,0,0,0,0,0,1
549,0,0.30366960298438755,0.4348566085295151,0.8299628186941583,-0.09065394120126738,0,0.7052385879890675,0,0.9562645941451289,-0.6079665986922942,0,0,1,0,1,0,0,1,0,0,1,0,0,0,0,0,0,0,0,0,0,1
550,1,-1.5577533163405828,0.4348566085295151,0.8299628186941583,0.6888399808145448,0,0.7052385879890675,0,0.21427410350288992,0.31308184440933057,0,1,0,0,1,0,0,1,1,0,0,0,0,0,0,0,0,0,0,0,0,1
552,0,-0.14307189765360537,-0.4604992586639336,-0.4462001942704374,0.17238021738342119,0,-0.5363369093530302,1,-0.527716387139349,0.9220119928471822,0,1,0,0,1,0,0,1,0,0,1,0,0,0,0,0,0,0,0,0,0,1
553,0,-0.21752881442660418,-0.4604992586639336,-0.4462001942704374,-0.7005953239518588,0,-0.5363369093530302,1,-0.527716387139349,-0.5291024912491475,0,0,1,0,1,0,1,0,0,0,1,0,0,0,0,0,0,0,0,0,0,1
554,1,-0.5153564815185995,-0.4604992586639336,-0.4462001942704374,-0.7296227647951226,0,-0.5363369093530302,1,-0.527716387139349,-0.5773537169129049,0,0,1,0,1,1,0,0,0,0,1,0,0,0,0,0,0,0,0,0,0,1
555,1,-0.5153564815185995,-0.4604992586639336,-0.4462001942704374,-0.7031992420149255,0,-0.5363369093530302,1,-0.527716387139349,-0.5334308865337811,0,0,1,1,0,0,0,1,0,1,0,0,0,0,0,0,0,0,0,0,0,1
556,0,2.4629201894013533,-0.4604992586639336,-0.4462001942704374,0.19880374016361824,0,-0.5363369093530302,1,-0.527716387139349,0.965934823226306,1,0,0,0,1,0,0,1,0,0,1,0,0,0,0,0,0,0,0,0,0,1
557,1,1.4205233545793698,0.4348566085295151,-0.4462001942704374,0.8257618715846566,1,0.08445083931801861,0,-0.527716387139349,2.0081037985855144,1,0,0,1,0,1,0,0,0,0,0,0,1,1,0,0,0,0,0,0,0,0
559,1,0.7504111036223804,0.4348566085295151,0.8299628186941583,2.7498747576699127,1,0.7052385879890675,0,0.9562645941451289,0.965934823226306,1,0,0,1,0,0,0,1,0,0,0,1,0,0,0,0,0,1,0,0,0,0
560,1,0.527040353303384,0.4348566085295151,-0.4462001942704374,-0.2407875933614777,0,0.08445083931801861,0,-0.527716387139349,0.23521864510088383,0,0,1,1,0,0,0,1,0,0,0,1,0,0,0,0,0,0,0,0,0,1
561,0,-0.21752881442660418,-0.4604992586639336,-0.4462001942704374,-0.7044003112322071,0,-0.5363369093530302,1,-0.527716387139349,-0.5354273788237414,0,0,1,0,1,0,1,0,0,0,1,0,0,0,0,0,0,0,0,0,0,1
562,0,0.8248680203953792,-0.4604992586639336,-0.4462001942704374,-0.6973956755570203,0,-0.5363369093530302,1,-0.527716387139349,-0.5237838357886936,0,0,1,0,1,0,0,1,0,0,1,0,0,0,0,0,0,0,0,0,0,1
563,0,-0.06861498088060655,-0.4604992586639336,-0.4462001942704374,-0.42815439125742016,0,-0.5363369093530302,1,-0.527716387139349,-0.07623415213290245,0,1,0,0,1,0,0,1,0,0,1,0,0,0,0,0,0,0,0,0,0,1
564,0,-0.21752881442660418,-0.4604992586639336,-0.4462001942704374,-0.689987480624827,0,-0.5363369093530302,1,-0.527716387139349,-0.5114694713442193,0,0,1,0,1,0,0,1,0,0,1,0,0,0,0,0,0,0,0,0,0,1
565,0,-0.8131841486105947,-0.4604992586639336,-0.4462001942704374,-0.689987480624827,0,-0.5363369093530302,1,-0.527716387139349,-0.5114694713442193,0,0,1,1,0,0,0,1,0,1,0,0,0,0,0,0,0,0,0,0,0,1
566,0,-0.3664426479726018,1.3302124757229636,-0.4462001942704374,0.08350109530457661,0,0.7052385879890675,0,0.21427410350288992,-0.19003421266063214,0,0,1,0,1,0,0,1,0,0,1,0,0,0,0,0,0,0,0,0,0,1
567,0,-0.7387272318375959,-0.4604992586639336,-0.4462001942704374,-0.6973956755570203,0,-0.5363369093530302,1,-0.527716387139349,-0.5237838357886936,0,0,1,0,1,0,0,1,0,0,1,0,0,0,0,0,0,0,0,0,0,1
568,0,0.005841935892392266,-0.4604992586639336,4.658451857587946,-0.06423041842107033,0,1.9468140853311653,0,1.6982550847873676,-0.7335792386022882,0,0,1,1,0,0,0,1,0,0,0,1,0,0,0,0,0,0,0,0,0,1
569,0,-0.21752881442660418,-0.4604992586639336,-0.4462001942704374,-0.7294209851666192,0,-0.5363369093530302,1,-0.527716387139349,-0.5770183062081916,0,0,1,0,1,1,0,0,0,0,1,0,0,0,0,0,0,0,0,0,0,1
570,1,0.2292126862113887,-0.4604992586639336,-0.4462001942704374,-0.6993942547345772,0,-0.5363369093530302,1,-0.527716387139349,-0.5271059989591874,0,0,1,0,1,0,0,1,0,0,1,0,0,0,0,0,0,0,0,0,0,1
571,1,2.4629201894013533,-0.4604992586639336,-0.4462001942704374,-0.5722826973312221,0,-0.5363369093530302,1,-0.527716387139349,-0.31581322692812275,0,1,0,0,1,0,0,1,0,0,1,0,0,0,0,0,0,0,0,0,0,1
572,1,1.7928079384443638,1.3302124757229636,-0.4462001942704374,1.3964715294219592,1,0.7052385879890675,0,-0.527716387139349,2.956773047021308,1,0,0,1,0,0,0,1,0,0,0,1,0,0,0,1,0,0,0,0,0,0
573,1,0.527040353303384,-0.4604992586639336,-0.4462001942704374,0.19099679025128724,1,-0.5363369093530302,1,-0.527716387139349,0.9529576233415648,1,0,0,0,1,0,0,1,0,0,1,0,0,0,0,0,0,1,0,0,0,0
574,1,-0.8131841486105947,-0.4604992586639336,-0.4462001942704374,-0.7044003112322071,0,-0.5363369093530302,1,-0.527716387139349,-0.5354273788237414,0,0,1,1,0,0,1,0,0,1,0,0,0,0,0,0,0,0,0,0,0,1
575,0,-0.9620979821565924,-0.4604992586639336,-0.4462001942704374,-0.689987480624827,0,-0.5363369093530302,1,-0.527716387139349,-0.5114694713442193,0,0,1,0,1,0,0,1,0,0,1,0,0,0,0,0,0,0,0,0,0,1
576,0,-0.7387272318375959,-0.4604992586639336,-0.4462001942704374,-0.38011162256615283,0,-0.5363369093530302,1,0.21427410350288992,-0.5753572246229447,0,0,1,0,1,0,0,1,0,0,1,0,0,0,0,0,0,0,0,0,0,1
577,1,0.3781265197573863,-0.4604992586639336,-0.4462001942704374,-0.4521757756030538,0,-0.5363369093530302,1,-0.527716387139349,-0.11616399793210583,0,1,0,1,0,0,0,1,0,1,0,0,0,0,0,0,0,0,0,0,0,1
578,1,0.7504111036223804,0.4348566085295151,-0.4462001942704374,1.6088590012523134,1,0.08445083931801861,0,0.21427410350288992,1.0777383914640752,1,0,0,1,0,0,0,1,0,0,0,1,0,0,0,0,0,1,0,0,0,0
579,0,0.1547557694383899,0.4348566085295151,-0.4462001942704374,-0.3821150060205787,0,0.08445083931801861,0,-0.527716387139349,0.000295390325850717,0,0,1,1,0,1,0,0,0,0,0,1,0,0,0,0,0,0,0,0,0,1
580,1,0.2292126862113887,-0.4604992586639336,-0.4462001942704374,-0.6959928267112353,0,-0.5363369093530302,1,-0.527716387139349,-0.5214519327940202,0,0,1,0,1,0,0,1,0,0,1,0,0,0,0,0,0,0,0,0,0,1
581,1,-0.29198573119960297,0.4348566085295151,0.8299628186941583,0.3645512921484904,0,0.7052385879890675,0,-0.527716387139349,1.2414507592408093,0,1,0,1,0,0,0,1,0,1,0,0,0,0,0,0,0,0,0,0,0,1
583,0,1.8672648552173627,-0.4604992586639336,-0.4462001942704374,0.17238021738342119,0,-0.5363369093530302,1,0.21427410350288992,-0.11616399793210583,0,1,0,0,1,0,0,1,0,0,1,0,0,0,0,0,0,0,0,0,0,1
584,0,0.527040353303384,-0.4604992586639336,-0.4462001942704374,0.8509843251475719,1,-0.5363369093530302,1,-0.527716387139349,2.050030136674678,1,0,0,0,1,1,0,0,0,0,1,0,0,1,0,0,0,0,0,0,0,0
585,0,-0.21752881442660418,-0.4604992586639336,-0.4462001942704374,-0.6581591463668623,0,-0.5363369093530302,1,-0.527716387139349,-0.45856242566027483,0,0,1,0,1,1,0,0,0,0,1,0,0,0,0,0,0,0,0,0,0,1
586,1,-0.8131841486105947,-0.4604992586639336,2.1061258316587543,2.7498747576699127,1,0.7052385879890675,0,0.9562645941451289,0.965934823226306,1,0,0,1,0,0,0,1,0,1,0,0,0,0,0,0,0,1,0,0,0,0
587,0,1.346066437806371,-0.4604992586639336,-0.4462001942704374,-0.35609023822051916,0,-0.5363369093530302,1,-0.527716387139349,0.0435553852647077,0,1,0,0,1,0,0,1,0,0,1,0,0,0,0,0,0,0,0,0,0,1
588,1,2.3140063558553554,0.4348566085295151,0.8299628186941583,2.7282555117588423,1,0.7052385879890675,0,-0.527716387139349,5.170547585882423,1,0,0,0,1,1,0,0,0,0,1,0,0,0,1,0,0,0,0,0,0,0
589,0,-0.5153564815185995,-0.4604992586639336,-0.4462001942704374,-0.689987480624827,0,-0.5363369093530302,1,-0.527716387139349,-0.5114694713442193,0,0,1,0,1,0,0,1,0,0,1,0,0,0,0,0,0,0,0,0,0,1
590,0,-0.21752881442660418,-0.4604992586639336,-0.4462001942704374,-0.689987480624827,0,-0.5363369093530302,1,-0.527716387139349,-0.5114694713442193,0,0,1,0,1,0,0,1,0,0,1,0,0,0,0,0,0,0,0,0,0,1
591,0,0.45258343653038513,-0.4604992586639336,-0.4462001942704374,-0.7344270416642492,0,-0.5363369093530302,1,-0.527716387139349,-0.5853396860727456,0,0,1,0,1,0,0,1,0,0,1,0,0,0,0,0,0,0,0,0,0,1
592,1,1.718351021671365,0.4348566085295151,-0.4462001942704374,2.6834171957392825,1,0.08445083931801861,0,0.21427410350288992,1.970837273501118,1,0,0,1,0,1,0,0,0,0,0,1,0,0,0,0,1,0,0,0,0,0
593,0,1.346066437806371,-0.4604992586639336,-0.4462001942704374,-0.7284216955778409,0,-0.5363369093530302,1,-0.527716387139349,-0.5753572246229447,0,0,1,0,1,0,0,1,0,0,1,0,0,0,0,0,0,0,0,0,0,1
594,0,-0.8131841486105947,-0.4604992586639336,2.1061258316587543,-0.7044003112322071,0,0.7052385879890675,0,-0.527716387139349,-0.5354273788237414,0,0,1,1,0,0,1,0,0,1,0,0,0,0,0,0,0,0,0,0,0,1
595,0,0.6014972700763828,0.4348566085295151,-0.4462001942704374,0.17238021738342119,0,0.08445083931801861,0,-0.527716387139349,0.9220119928471822,0,1,0,0,1,0,0,1,0,0,1,0,0,0,0,0,0,0,0,0,0,1
596,0,0.527040353303384,0.4348566085295151,0.8299628186941583,0.08350109530457661,0,0.7052385879890675,0,0.9562645941451289,-0.5114694713442194,0,0,1,0,1,0,0,1,0,0,1,0,0,0,0,0,0,0,0,0,0,1
597,1,-0.3664426479726018,-0.4604992586639336,-0.4462001942704374,0.5086795982222924,0,-0.5363369093530302,1,0.9562645941451289,-0.27588338112891936,0,1,0,1,0,0,0,1,0,1,0,0,0,0,0,0,0,0,0,0,0,1
598,0,1.4949802713523686,-0.4604992586639336,-0.4462001942704374,-1.0767317685895288,0,-0.5363369093530302,1,1.6982550847873676,-1.1543399887113939,0,0,1,0,1,0,0,1,0,0,1,0,0,0,0,0,0,0,0,0,0,1
599,0,-0.21752881442660418,-0.4604992586639336,-0.4462001942704374,-0.7296227647951226,0,-0.5363369093530302,1,-0.527716387139349,-0.5773537169129049,0,0,1,0,1,1,0,0,0,0,1,0,0,0,0,0,0,0,0,0,0,1
600,1,1.4949802713523686,0.4348566085295151,-0.4462001942704374,1.658304618789366,1,0.08445083931801861,0,0.21427410350288992,1.1188341887606155,1,0,0,0,1,1,0,0,0,0,0,0,1,1,0,0,0,0,0,0,0,0
601,1,-0.3664426479726018,1.3302124757229636,0.8299628186941583,0.2204229860746885,0,1.3260263366601164,0,0.21427410350288992,-0.07623415213290245,0,1,0,1,0,0,0,1,0,0,0,1,0,0,0,0,0,0,0,0,0,1
602,0,-0.21752881442660418,-0.4604992586639336,-0.4462001942704374,-0.6973956755570203,0,-0.5363369093530302,1,-0.527716387139349,-0.5237838357886936,0,0,1,0,1,0,0,1,0,0,1,0,0,0,0,0,0,0,0,0,0,1
603,0,0.8248680203953792,-0.4604992586639336,-0.4462001942704374,0.960281623920205,0,-0.5363369093530302,1,-0.527716387139349,2.231710935061053,1,0,0,0,1,0,0,1,0,0,1,0,0,0,0,0,0,0,0,0,0,1
604,0,1.1226956874873746,-0.4604992586639336,-0.4462001942704374,-0.689987480624827,0,-0.5363369093530302,1,-0.527716387139349,-0.5114694713442193,0,0,1,0,1,0,0,1,0,0,1,0,0,0,0,0,0,0,0,0,0,1
605,1,0.45258343653038513,-0.4604992586639336,-0.4462001942704374,0.19880374016361824,0,-0.5363369093530302,1,-0.527716387139349,0.965934823226306,1,0,0,0,1,1,0,0,0,0,1,0,0,0,0,0,0,0,0,0,0,1
606,0,0.527040353303384,0.4348566085295151,-0.4462001942704374,-0.3296667154403221,0,0.08445083931801861,0,-0.527716387139349,0.08747821564383149,0,0,1,0,1,0,0,1,0,0,1,0,0,0,0,0,0,0,0,0,0,1
607,0,0.08029885266539108,-0.4604992586639336,-0.4462001942704374,-0.6973956755570203,0,-0.5363369093530302,1,-0.527716387139349,-0.5237838357886936,0,0,1,0,1,0,0,1,0,0,1,0,0,0,0,0,0,0,0,0,0,1
608,1,-0.14307189765360537,-0.4604992586639336,-0.4462001942704374,0.3885726764941241,0,-0.5363369093530302,1,-0.527716387139349,1.2813806050400127,1,0,0,0,1,0,0,1,0,0,1,0,0,0,0,0,0,0,0,0,0,1
609,1,-0.5153564815185995,0.4348566085295151,2.1061258316587543,0.9208481193784128,0,1.3260263366601164,0,0.9562645941451289,-0.04750595907523563,0,1,0,1,0,1,0,0,0,0,0,1,0,0,0,0,0,0,0,0,0,1
611,0,0.7504111036223804,0.4348566085295151,5.934614870552541,0.4258058222298562,0,3.188389582673263,0,3.924226556714084,-0.7975382951770835,0,0,1,1,0,0,0,1,0,0,0,1,0,0,0,0,0,0,0,0,0,1
612,0,-0.21752881442660418,-0.4604992586639336,-0.4462001942704374,-0.7380302493160943,0,-0.5363369093530302,1,-0.527716387139349,-0.5913291629426262,0,0,1,0,1,0,0,1,0,0,1,0,0,0,0,0,0,0,0,0,0,1
613,1,-0.8131841486105947,0.4348566085295151,-0.4462001942704374,-0.33206885387488555,0,0.08445083931801861,0,0.21427410350288992,-0.5354273788237414,0,0,1,1,0,0,1,0,0,1,0,0,0,0,0,0,0,0,0,0,0,1
614,0,-0.21752881442660418,-0.4604992586639336,-0.4462001942704374,-0.7044003112322071,0,-0.5363369093530302,1,-0.527716387139349,-0.5354273788237414,0,0,1,0,1,0,1,0,0,0,1,0,0,0,0,0,0,0,0,0,0,1
615,0,0.45258343653038513,-0.4604992586639336,-0.4462001942704374,-0.689987480624827,0,-0.5363369093530302,1,-0.527716387139349,-0.5114694713442193,0,0,1,0,1,0,0,1,0,0,1,0,0,0,0,0,0,0,0,0,0,1
616,1,-0.3664426479726018,0.4348566085295151,2.1061258316587543,2.0460481963428463,0,1.3260263366601164,0,0.21427410350288992,1.4410999882368263,0,1,0,1,0,0,0,1,0,1,0,0,0,0,0,0,0,0,0,0,0,1
617,0,0.3781265197573863,0.4348566085295151,0.8299628186941583,-0.38491589943527954,0,0.7052385879890675,0,0.21427410350288992,-0.5793502092028651,0,0,1,0,1,0,0,1,0,0,1,0,0,0,0,0,0,0,0,0,0,1
618,0,-0.21752881442660418,0.4348566085295151,-0.4462001942704374,-0.30324319266012506,0,0.08445083931801861,0,0.21427410350288992,-0.5114694713442193,0,0,1,1,0,0,0,1,0,0,0,1,0,0,0,0,0,0,0,0,0,1
619,1,-1.855580983432578,1.3302124757229636,0.8299628186941583,0.7969362103698961,1,1.3260263366601164,0,0.21427410350288992,0.40292399745753815,0,1,0,1,0,0,0,1,0,1,0,0,0,0,0,0,0,0,1,0,0,0
620,0,-0.21752881442660418,-0.4604992586639336,-0.4462001942704374,-0.5722826973312221,0,-0.5363369093530302,1,-0.527716387139349,-0.31581322692812275,0,1,0,0,1,0,0,1,0,0,1,0,0,0,0,0,0,0,0,0,0,1
621,0,-0.14307189765360537,0.4348566085295151,-0.4462001942704374,-0.3823119813722129,0,0.08445083931801861,0,0.21427410350288992,-0.5771860115605483,0,0,1,0,1,1,0,0,0,0,1,0,0,0,0,0,0,0,0,0,0,1
622,1,0.9737818539413768,0.4348566085295151,-0.4462001942704374,1.4481175057650717,1,0.08445083931801861,0,-0.527716387139349,3.042622215489595,1,0,0,0,1,0,0,1,0,0,1,0,0,0,0,0,1,0,0,0,0,0
623,1,-0.6642703150645971,0.4348566085295151,0.8299628186941583,-0.3204569166822062,0,0.7052385879890675,0,0.21427410350288992,-0.525776335094074,0,0,1,0,1,1,0,0,0,0,1,0,0,0,0,0,0,0,0,0,0,1
624,0,-0.5898133982915983,-0.4604992586639336,-0.4462001942704374,-0.6993942547345772,0,-0.5363369093530302,1,-0.527716387139349,-0.5271059989591874,0,0,1,0,1,0,0,1,0,0,1,0,0,0,0,0,0,0,0,0,0,1
625,0,-0.5898133982915983,-0.4604992586639336,-0.4462001942704374,-0.30324319266012506,0,-0.5363369093530302,1,0.21427410350288992,-0.5114694713442193,0,0,1,0,1,0,0,1,0,0,1,0,0,0,0,0,0,0,0,0,0,1
626,0,2.388463272628355,-0.4604992586639336,-0.4462001942704374,0.47604894972718353,1,-0.5363369093530302,1,-0.527716387139349,1.4267891315023917,1,0,0,0,1,0,0,1,0,0,1,0,0,0,0,0,1,0,0,0,0,0
627,0,2.090635605536359,-0.4604992586639336,-0.4462001942704374,-0.48340357525237754,0,-0.5363369093530302,1,-0.527716387139349,-0.16807279747107026,0,1,0,0,1,0,1,0,0,0,0,0,1,0,0,0,0,0,0,0,0,1
628,1,-0.5898133982915983,-0.4604992586639336,-0.4462001942704374,2.6686008058748953,1,-0.5363369093530302,1,0.9562645941451289,0.920901943133964,1,0,0,1,0,0,0,1,0,1,0,0,0,0,0,0,1,0,0,0,0,0
629,0,-0.21752881442660418,-0.4604992586639336,-0.4462001942704374,-0.6973956755570203,0,-0.5363369093530302,1,-0.527716387139349,-0.5237838357886936,0,0,1,0,1,0,0,1,0,0,1,0,0,0,0,0,0,0,0,0,0,1
630,0,-0.21752881442660418,-0.4604992586639336,-0.4462001942704374,-0.7052026254693513,0,-0.5363369093530302,1,-0.527716387139349,-0.5367610356734348,0,0,1,0,1,0,1,0,0,0,1,0,0,0,0,0,0,0,0,0,0,1
631,1,3.803144691315332,-0.4604992586639336,-0.4462001942704374,0.3645512921484904,1,-0.5363369093530302,1,-0.527716387139349,1.2414507592408093,1,0,0,0,1,0,0,1,0,0,1,0,0,1,0,0,0,0,0,0,0,0
632,0,1.6438941048983662,-0.4604992586639336,-0.4462001942704374,-0.737828469687591,0,-0.5363369093530302,1,-0.527716387139349,-0.5909937522379128,0,0,1,0,1,0,0,1,0,0,1,0,0,0,0,0,0,0,0,0,0,1
633,1,0.2292126862113887,-0.4604992586639336,-0.4462001942704374,0.3885726764941241,1,-0.5363369093530302,1,-0.527716387139349,1.2813806050400127,1,0,0,0,1,1,0,0,0,0,0,0,1,0,1,0,0,0,0,0,0,0
634,0,0.8248680203953792,-0.4604992586639336,-0.4462001942704374,-1.0767317685895288,0,-0.5363369093530302,1,-0.527716387139349,-1.1543399887113939,1,0,0,0,1,0,0,1,0,0,1,0,0,0,0,0,0,0,0,0,0,1
635,0,-1.483296399567584,2.225568342916412,2.1061258316587543,0.26366147789682903,0,2.567601834002214,0,3.1822360660718454,-0.7829924227788023,0,0,1,1,0,0,0,1,0,1,0,0,0,0,0,0,0,0,0,0,0,1
636,1,-0.06861498088060655,-0.4604992586639336,-0.4462001942704374,-0.4521757756030538,0,-0.5363369093530302,1,-0.527716387139349,-0.11616399793210583,0,1,0,1,0,0,0,1,0,1,0,0,0,0,0,0,0,0,0,0,0,1
637,0,0.2292126862113887,-0.4604992586639336,-0.4462001942704374,-0.6959928267112353,0,-0.5363369093530302,1,-0.527716387139349,-0.5214519327940202,0,0,1,0,1,0,0,1,0,0,1,0,0,0,0,0,0,0,0,0,0,1
638,0,0.1547557694383899,0.4348566085295151,0.8299628186941583,0.18439090955623802,0,0.7052385879890675,0,0.9562645941451289,-0.4555676872253346,0,1,0,0,1,0,0,1,0,0,1,0,0,0,0,0,0,0,0,0,0,1
639,0,0.899324937168378,-0.4604992586639336,5.934614870552541,0.8299656138451424,0,2.567601834002214,0,3.1822360660718454,-0.6261014036594325,0,0,1,1,0,0,0,1,0,0,0,1,0,0,0,0,0,0,0,0,0,1
640,0,-0.21752881442660418,0.4348566085295151,-0.4462001942704374,-0.30324319266012506,0,0.08445083931801861,0,0.21427410350288992,-0.5114694713442193,0,0,1,0,1,0,0,1,0,0,1,0,0,0,0,0,0,0,0,0,0,1
641,0,-0.6642703150645971,-0.4604992586639336,-0.4462001942704374,-0.6993942547345772,0,-0.5363369093530302,1,-0.527716387139349,-0.5271059989591874,0,0,1,0,1,0,0,1,0,0,1,0,0,0,0,0,0,0,0,0,0,1
642,1,-0.3664426479726018,-0.4604992586639336,-0.4462001942704374,2.2526321017152955,1,-0.5363369093530302,1,0.21427410350288992,1.6127983251734008,1,0,0,1,0,1,0,0,0,1,0,0,0,0,1,0,0,0,0,0,0,0
643,0,-2.0044948169785757,2.225568342916412,2.1061258316587543,0.26366147789682903,0,2.567601834002214,0,3.1822360660718454,-0.7829924227788023,0,0,1,1,0,0,0,1,0,1,0,0,0,0,0,0,0,0,0,0,0,1
644,1,-0.21752881442660418,-0.4604992586639336,-0.4462001942704374,1.637482882838571,0,-0.5363369093530302,1,3.924226556714084,-0.5098061080534981,0,0,1,0,1,0,0,1,0,0,1,0,0,0,0,0,0,0,0,0,0,1
645,1,-2.0975659629448242,1.3302124757229636,0.8299628186941583,-0.15150971630249568,0,1.3260263366601164,0,1.6982550847873676,-0.7698495140339946,0,0,1,1,0,1,0,0,0,1,0,0,0,0,0,0,0,0,0,0,0,1
646,1,1.4205233545793698,0.4348566085295151,-0.4462001942704374,2.6095514388764594,1,0.08445083931801861,0,0.9562645941451289,0.8881834274860972,1,0,0,0,1,1,0,0,0,0,1,0,0,0,0,0,1,0,0,0,0,0
647,0,-0.7387272318375959,-0.4604992586639336,-0.4462001942704374,-0.6973956755570203,0,-0.5363369093530302,1,-0.527716387139349,-0.5237838357886936,0,0,1,0,1,0,0,1,0,0,1,0,0,0,0,0,0,0,0,0,0,1
648,1,2.01617868876336,-0.4604992586639336,-0.4462001942704374,0.6287865199504606,1,-0.5363369093530302,1,-0.527716387139349,1.6806790630320465,1,0,0,0,1,1,0,0,0,0,0,0,1,1,0,0,0,0,0,0,0,0
649,0,-0.21752881442660418,-0.4604992586639336,-0.4462001942704374,-0.7140088649704606,0,-0.5363369093530302,1,-0.527716387139349,-0.5513993171434227,0,0,1,0,1,0,0,1,0,0,1,0,0,0,0,0,0,0,0,0,0,1
650,1,-0.4408995647456006,-0.4604992586639336,-0.4462001942704374,-0.7140088649704606,0,-0.5363369093530302,1,-0.527716387139349,-0.5513993171434227,0,0,1,1,0,0,0,1,0,1,0,0,0,0,0,0,0,0,0,0,0,1
651,0,-0.21752881442660418,-0.4604992586639336,-0.4462001942704374,-0.6973956755570203,0,-0.5363369093530302,1,-0.527716387139349,-0.5237838357886936,0,0,1,0,1,0,0,1,0,0,1,0,0,0,0,0,0,0,0,0,0,1
652,1,-0.8131841486105947,-0.4604992586639336,0.8299628186941583,0.028251911309619276,0,0.08445083931801861,0,0.21427410350288992,-0.235953535329716,0,1,0,1,0,0,0,1,0,1,0,0,0,0,0,0,0,0,0,0,0,1
653,0,-0.5898133982915983,-0.4604992586639336,-0.4462001942704374,-0.6715726873854643,0,-0.5363369093530302,1,-0.527716387139349,-0.48085925155455006,0,0,1,0,1,0,0,1,0,0,1,0,0,0,0,0,0,0,0,0,0,1
654,1,-0.8131841486105947,-0.4604992586639336,-0.4462001942704374,-0.7005953239518588,0,-0.5363369093530302,1,-0.527716387139349,-0.5291024912491475,0,0,1,1,0,0,1,0,0,1,0,0,0,0,0,0,0,0,0,0,0,1
655,0,-0.8131841486105947,-0.4604992586639336,-0.4462001942704374,-0.7524430799234745,0,-0.5363369093530302,1,-0.527716387139349,-0.6152870704221481,0,0,1,1,0,0,1,0,0,1,0,0,0,0,0,0,0,0,0,0,0,1
656,0,-0.3664426479726018,1.3302124757229636,-0.4462001942704374,2.4544117302186184,0,0.7052385879890675,0,2.4402455754296066,0.019597477785185616,0,1,0,0,1,0,0,1,0,0,1,0,0,0,0,0,0,0,0,0,0,1
657,0,-0.21752881442660418,-0.4604992586639336,-0.4462001942704374,-0.6973956755570203,0,-0.5363369093530302,1,-0.527716387139349,-0.5237838357886936,0,0,1,0,1,0,0,1,0,0,1,0,0,0,0,0,0,0,0,0,0,1
658,0,0.2292126862113887,0.4348566085295151,0.8299628186941583,-0.33206885387488555,0,0.7052385879890675,0,0.21427410350288992,-0.5354273788237414,0,0,1,1,0,0,1,0,0,0,0,1,0,0,0,0,0,0,0,0,0,1
659,0,-0.4408995647456006,-0.4604992586639336,-0.4462001942704374,-0.4521757756030538,0,-0.5363369093530302,1,-0.527716387139349,-0.11616399793210583,0,1,0,0,1,0,0,1,0,0,1,0,0,0,0,0,0,0,0,0,0,1
662,0,0.8248680203953792,-0.4604992586639336,-0.4462001942704374,-0.7296227647951226,0,-0.5363369093530302,1,-0.527716387139349,-0.5773537169129049,0,0,1,0,1,1,0,0,0,0,1,0,0,0,0,0,0,0,0,0,0,1
663,0,1.346066437806371,-0.4604992586639336,-0.4462001942704374,0.15256257529827336,1,-0.5363369093530302,1,-0.527716387139349,0.8890698700628392,1,0,0,0,1,0,0,1,0,0,1,0,0,0,0,0,0,1,0,0,0,0
664,0,0.527040353303384,-0.4604992586639336,-0.4462001942704374,-0.7166127830335274,0,-0.5363369093530302,1,-0.527716387139349,-0.5557277124280564,0,0,1,0,1,0,0,1,0,0,1,0,0,0,0,0,0,0,0,0,0,1
665,1,-0.6642703150645971,0.4348566085295151,-0.4462001942704374,-0.6959928267112353,0,0.08445083931801861,0,-0.527716387139349,-0.5214519327940202,0,0,1,0,1,0,0,1,0,0,1,0,0,0,0,0,0,0,0,0,0,1
666,0,0.2292126862113887,1.3302124757229636,-0.4462001942704374,2.4544117302186184,0,0.7052385879890675,0,2.4402455754296066,0.019597477785185616,0,1,0,0,1,0,0,1,0,0,1,0,0,0,0,0,0,0,0,0,0,1
667,0,-0.29198573119960297,-0.4604992586639336,-0.4462001942704374,-0.4521757756030538,0,-0.5363369093530302,1,-0.527716387139349,-0.11616399793210583,0,1,0,0,1,0,0,1,0,0,1,0,0,0,0,0,0,0,0,0,0,1
668,0,-0.21752881442660418,-0.4604992586639336,-0.4462001942704374,-0.7031992420149255,0,-0.5363369093530302,1,-0.527716387139349,-0.5334308865337811,0,0,1,0,1,0,0,1,0,0,1,0,0,0,0,0,0,0,0,0,0,1
669,0,1.0482387707143757,-0.4604992586639336,-0.4462001942704374,-0.689987480624827,0,-0.5363369093530302,1,-0.527716387139349,-0.5114694713442193,0,0,1,0,1,0,0,1,0,0,1,0,0,0,0,0,0,0,0,0,0,1
670,1,0.8248680203953792,0.4348566085295151,-0.4462001942704374,1.4214922033563713,1,0.08445083931801861,0,0.21427410350288992,0.9220119928471822,1,0,0,1,0,0,0,1,0,0,0,1,0,0,0,1,0,0,0,0,0,0
671,1,0.8248680203953792,0.4348566085295151,0.8299628186941583,0.7969362103698961,0,0.7052385879890675,0,0.21427410350288992,0.40292399745753815,0,1,0,1,0,0,0,1,0,0,0,1,0,0,0,0,0,0,0,0,0,1
672,0,0.1547557694383899,0.4348566085295151,-0.4462001942704374,1.4214922033563713,1,0.08445083931801861,0,-0.527716387139349,2.998363974405758,1,0,0,0,1,0,0,1,0,0,1,0,0,0,1,0,0,0,0,0,0,0
673,0,3.058575523585344,-0.4604992586639336,-0.4462001942704374,-0.5722826973312221,0,-0.5363369093530302,1,-0.527716387139349,-0.31581322692812275,0,1,0,0,1,0,0,1,0,0,1,0,0,0,0,0,0,0,0,0,0,1
674,1,0.1547557694383899,-0.4604992586639336,-0.4462001942704374,-0.4521757756030538,0,-0.5363369093530302,1,-0.527716387139349,-0.11616399793210583,0,1,0,0,1,0,0,1,0,0,1,0,0,0,0,0,0,0,0,0,0,1
675,0,0.1547557694383899,-0.4604992586639336,-0.4462001942704374,-1.0767317685895288,0,-0.5363369093530302,1,-0.527716387139349,-1.1543399887113939,0,1,0,0,1,0,0,1,0,0,1,0,0,0,0,0,0,0,0,0,0,1
676,0,-0.8131841486105947,-0.4604992586639336,-0.4462001942704374,-0.7031992420149255,0,-0.5363369093530302,1,-0.527716387139349,-0.5334308865337811,0,0,1,0,1,0,0,1,0,0,1,0,0,0,0,0,0,0,0,0,0,1
677,0,-0.3292141895861024,-0.4604992586639336,-0.4462001942704374,-0.689987480624827,0,-0.5363369093530302,1,-0.527716387139349,-0.5114694713442193,0,0,1,0,1,0,0,1,0,0,1,0,0,0,0,0,0,0,0,0,0,1
678,1,-0.8131841486105947,-0.4604992586639336,-0.4462001942704374,-0.6039092519606833,0,-0.5363369093530302,1,-0.527716387139349,-0.368384861907354,0,0,1,1,0,0,0,1,0,1,0,0,0,0,0,0,0,0,0,0,0,1
679,0,1.0482387707143757,0.4348566085295151,7.210777883517136,1.176474083030908,0,3.809177331344312,0,3.1822360660718454,-0.5301033993838477,0,0,1,1,0,0,0,1,0,0,0,1,0,0,0,0,0,0,0,0,0,1
681,0,-0.8131841486105947,-0.4604992586639336,-0.4462001942704374,-0.6857837383643411,0,-0.5363369093530302,1,-0.527716387139349,-0.5044817483293588,0,0,1,1,0,0,1,0,0,1,0,0,0,0,0,0,0,0,0,0,0,1
682,1,-0.14307189765360537,-0.4604992586639336,-0.4462001942704374,2.6095514388764594,1,-0.5363369093530302,1,0.9562645941451289,0.8881834274860972,1,0,0,0,1,1,0,0,0,0,1,0,0,0,0,0,1,0,0,0,0,0
683,0,-0.6642703150645971,-0.4604992586639336,-0.4462001942704374,-0.6335372274125879,0,-0.5363369093530302,1,-0.527716387139349,-0.41763433371609143,0,0,1,0,1,0,0,1,0,0,1,0,0,0,0,0,0,0,0,0,0,1
684,0,-1.1110118157025899,4.0162800773033105,2.1061258316587543,1.176474083030908,0,3.809177331344312,0,3.1822360660718454,-0.5301033993838477,0,0,1,0,1,0,0,1,0,0,1,0,0,0,0,0,0,0,0,0,0,1
685,0,2.3140063558553554,0.4348566085295151,0.8299628186941583,0.7969362103698961,0,0.7052385879890675,0,0.21427410350288992,0.40292399745753815,0,1,0,0,1,0,0,1,0,0,1,0,0,0,0,0,0,0,0,0,0,1
686,0,-0.29198573119960297,0.4348566085295151,2.1061258316587543,0.9208481193784128,0,1.3260263366601164,0,0.9562645941451289,-0.04750595907523563,0,1,0,0,1,1,0,0,0,0,1,0,0,0,0,0,0,0,0,0,0,1
687,0,-1.1110118157025899,3.120924210109861,0.8299628186941583,0.8299656138451424,0,2.567601834002214,0,3.1822360660718454,-0.6261014036594325,0,0,1,0,1,0,0,1,0,0,1,0,0,0,0,0,0,0,0,0,0,1
688,0,-0.7387272318375959,-0.4604992586639336,-0.4462001942704374,-0.5880983767843873,0,-0.5363369093530302,1,-0.527716387139349,-0.3421030374023183,0,0,1,0,1,0,0,1,0,0,1,0,0,0,0,0,0,0,0,0,0,1
689,0,-0.8131841486105947,-0.4604992586639336,-0.4462001942704374,-0.7021999524261471,0,-0.5363369093530302,1,-0.527716387139349,-0.5317698049485343,0,0,1,0,1,0,0,1,0,0,1,0,0,0,0,0,0,0,0,0,0,1
691,1,0.1547557694383899,0.4348566085295151,-0.4462001942704374,1.6617060468127078,1,0.08445083931801861,0,0.21427410350288992,1.1216612218431992,1,0,0,0,1,0,0,1,0,0,1,0,0,0,1,0,0,0,0,0,0,0
692,1,-1.855580983432578,-0.4604992586639336,0.8299628186941583,-0.4321563538894027,0,0.08445083931801861,0,-0.527716387139349,-0.08288646444304969,0,0,1,1,0,1,0,0,0,1,0,0,0,0,0,0,0,0,0,0,0,1
693,1,-0.21752881442660418,-0.4604992586639336,-0.4462001942704374,1.637482882838571,0,-0.5363369093530302,1,3.924226556714084,-0.5098061080534981,0,0,1,0,1,0,0,1,0,0,1,0,0,0,0,0,0,0,0,0,0,1
694,0,-0.29198573119960297,-0.4604992586639336,-0.4462001942704374,-0.7296227647951226,0,-0.5363369093530302,1,-0.527716387139349,-0.5773537169129049,0,0,1,0,1,1,0,0,0,0,1,0,0,0,0,0,0,0,0,0,0,1
695,0,2.3140063558553554,-0.4604992586639336,-0.4462001942704374,0.19880374016361824,0,-0.5363369093530302,1,-0.527716387139349,0.965934823226306,1,0,0,0,1,0,0,1,0,0,0,0,1,0,0,0,0,0,0,0,0,1
696,0,1.718351021671365,-0.4604992586639336,-0.4462001942704374,-0.42815439125742016,0,-0.5363369093530302,1,-0.527716387139349,-0.07623415213290245,0,1,0,0,1,0,0,1,0,0,1,0,0,0,0,0,0,0,0,0,0,1
697,0,1.1226956874873746,-0.4604992586639336,-0.4462001942704374,-0.689987480624827,0,-0.5363369093530302,1,-0.527716387139349,-0.5114694713442193,0,0,1,0,1,0,0,1,0,0,1,0,0,0,0,0,0,0,0,0,0,1
698,1,-0.8131841486105947,-0.4604992586639336,-0.4462001942704374,-0.7052026254693513,0,-0.5363369093530302,1,-0.527716387139349,-0.5367610356734348,0,0,1,1,0,0,1,0,0,1,0,0,0,0,0,0,0,0,0,0,0,1
700,0,0.9737818539413768,-0.4604992586639336,-0.4462001942704374,-0.7092045881013339,1,-0.5363369093530302,1,-0.527716387139349,-0.543413347983582,0,0,1,0,1,0,0,1,0,0,1,0,0,0,0,0,0,0,1,0,0,0
702,1,0.45258343653038513,-0.4604992586639336,-0.4462001942704374,0.1861925133821606,1,-0.5363369093530302,1,-0.527716387139349,0.9449716541817242,1,0,0,0,1,0,0,1,0,0,1,0,0,0,0,0,0,1,0,0,0,0
703,0,-0.8131841486105947,-0.4604992586639336,0.8299628186941583,-0.3823119813722129,0,0.08445083931801861,0,0.21427410350288992,-0.5771860115605483,0,0,1,1,0,1,0,0,0,1,0,0,0,0,0,0,0,0,0,0,0,1
704,0,-0.29198573119960297,-0.4604992586639336,-0.4462001942704374,-0.7047990662123447,0,-0.5363369093530302,1,-0.527716387139349,-0.5360902142640082,0,0,1,0,1,0,1,0,0,0,1,0,0,0,0,0,0,0,0,0,0,1
705,0,-0.21752881442660418,0.4348566085295151,-0.4462001942704374,-0.6993942547345772,0,0.08445083931801861,0,-0.527716387139349,-0.5271059989591874,0,0,1,0,1,0,0,1,0,0,1,0,0,0,0,0,0,0,0,0,0,1
706,0,0.7504111036223804,-0.4604992586639336,-0.4462001942704374,0.17238021738342119,0,-0.5363369093530302,1,0.21427410350288992,-0.11616399793210583,0,1,0,0,1,0,0,1,0,0,1,0,0,0,0,0,0,0,0,0,0,1
707,1,1.1971526042603733,-0.4604992586639336,-0.4462001942704374,-0.42815439125742016,0,-0.5363369093530302,1,-0.527716387139349,-0.07623415213290245,0,1,0,1,0,0,0,1,0,0,0,1,0,0,0,0,0,0,0,0,0,1
708,1,0.9737818539413768,-0.4604992586639336,-0.4462001942704374,0.1861925133821606,1,-0.5363369093530302,1,-0.527716387139349,0.9449716541817242,1,0,0,0,1,0,0,1,0,0,1,0,0,0,0,0,0,1,0,0,0,0
710,1,-1.855580983432578,0.4348566085295151,0.8299628186941583,-0.34428132567620573,0,0.7052385879890675,0,0.21427410350288992,-0.5455775456258989,0,0,1,0,1,1,0,0,1,0,0,0,0,0,0,0,0,0,0,0,0,1
711,1,-0.3664426479726018,-0.4604992586639336,-0.4462001942704374,1.3015870612567062,1,-0.5363369093530302,1,-0.527716387139349,2.7990501561144545,1,0,0,1,0,1,0,0,0,1,0,0,0,0,0,1,0,0,0,0,0,0
712,0,0.8248680203953792,-0.4604992586639336,-0.4462001942704374,0.19880374016361824,1,-0.5363369093530302,1,-0.527716387139349,0.965934823226306,1,0,0,0,1,0,0,1,0,0,1,0,0,0,0,1,0,0,0,0,0,0
713,1,1.4205233545793698,0.4348566085295151,-0.4462001942704374,1.4214922033563713,1,0.08445083931801861,0,0.21427410350288992,0.9220119928471822,1,0,0,0,1,0,0,1,0,0,1,0,0,0,0,1,0,0,0,0,0,0
714,0,0.005841935892392266,-0.4604992586639336,-0.4462001942704374,-0.6211277802596336,0,-0.5363369093530302,1,-0.527716387139349,-0.3970065753762229,0,0,1,0,1,0,0,1,0,0,1,0,0,0,0,0,0,0,0,0,0,1
715,0,1.718351021671365,-0.4604992586639336,-0.4462001942704374,-0.4521757756030538,0,-0.5363369093530302,1,0.21427410350288992,-0.6352519933217499,0,1,0,0,1,0,0,1,0,0,1,0,0,0,0,0,0,0,0,0,0,1
716,0,-0.7387272318375959,-0.4604992586639336,-0.4462001942704374,-0.7092045881013339,1,-0.5363369093530302,1,-0.527716387139349,-0.543413347983582,0,0,1,0,1,0,0,1,0,0,1,0,0,0,0,0,0,0,1,0,0,0
718,1,-0.14307189765360537,-0.4604992586639336,-0.4462001942704374,-0.5722826973312221,1,-0.5363369093530302,1,-0.527716387139349,-0.31581322692812275,0,1,0,1,0,0,0,1,0,1,0,0,0,0,0,0,0,1,0,0,0,0
719,0,-0.21752881442660418,-0.4604992586639336,-0.4462001942704374,-0.33206885387488555,0,-0.5363369093530302,1,-0.527716387139349,0.08348523106391109,0,0,1,0,1,0,1,0,0,0,1,0,0,0,0,0,0,0,0,0,0,1
720,0,0.30366960298438755,-0.4604992586639336,-0.4462001942704374,-0.7031992420149255,0,-0.5363369093530302,1,-0.527716387139349,-0.5334308865337811,0,0,1,0,1,0,0,1,0,0,1,0,0,0,0,0,0,0,0,0,0,1
721,1,-1.7066671498865804,-0.4604992586639336,0.8299628186941583,0.5086795982222924,0,0.08445083931801861,0,0.9562645941451289,-0.27588338112891936,0,1,0,1,0,0,0,1,0,1,0,0,0,0,0,0,0,0,0,0,0,1
722,0,-0.8876410653835936,0.4348566085295151,-0.4462001942704374,-0.737828469687591,0,0.08445083931801861,0,-0.527716387139349,-0.5909937522379128,0,0,1,0,1,0,0,1,0,0,1,0,0,0,0,0,0,0,0,0,0,1
723,0,0.3781265197573863,-0.4604992586639336,-0.4462001942704374,-0.4521757756030538,0,-0.5363369093530302,1,-0.527716387139349,-0.11616399793210583,0,1,0,0,1,0,0,1,0,0,1,0,0,0,0,0,0,0,0,0,0,1
724,0,1.5694371881253675,-0.4604992586639336,-0.4462001942704374,-0.4521757756030538,0,-0.5363369093530302,1,-0.527716387139349,-0.11616399793210583,0,1,0,0,1,0,0,1,0,0,1,0,0,0,0,0,0,0,0,0,0,1
725,1,-0.14307189765360537,0.4348566085295151,-0.4462001942704374,1.4743392489167653,1,0.08445083931801861,0,0.21427410350288992,0.965934823226306,1,0,0,0,1,0,0,1,0,0,1,0,0,0,0,0,0,1,0,0,0,0
726,0,-0.6642703150645971,-0.4604992586639336,-0.4462001942704374,-0.6605612848014257,0,-0.5363369093530302,1,-0.527716387139349,-0.4625554102401952,0,0,1,0,1,0,0,1,0,0,1,0,0,0,0,0,0,0,0,0,0,1
727,1,0.08029885266539108,2.225568342916412,-0.4462001942704374,-0.06783362607291533,0,1.3260263366601164,0,0.21427410350288992,-0.31581322692812275,0,1,0,1,0,0,0,1,0,0,0,1,0,0,0,0,0,0,0,0,0,1
728,1,-0.8131841486105947,-0.4604992586639336,-0.4462001942704374,-0.705000845840848,0,-0.5363369093530302,1,-0.527716387139349,-0.5364256249687215,0,0,1,1,0,0,1,0,0,1,0,0,0,0,0,0,0,0,0,0,0,1
729,0,-0.29198573119960297,0.4348566085295151,-0.4462001942704374,0.17238021738342119,0,0.08445083931801861,0,-0.527716387139349,0.9220119928471822,0,1,0,0,1,0,0,1,0,0,1,0,0,0,0,0,0,0,0,0,0,1
730,0,-0.29198573119960297,0.4348566085295151,-0.4462001942704374,-0.6959928267112353,0,0.08445083931801861,0,-0.527716387139349,-0.5214519327940202,0,0,1,1,0,0,0,1,0,1,0,0,0,0,0,0,0,0,0,0,0,1
732,0,-1.3343825660215864,-0.4604992586639336,-0.4462001942704374,-0.17412825180234417,0,-0.5363369093530302,1,0.21427410350288992,-0.40415801075886015,0,0,1,0,1,1,0,0,0,0,1,0,0,0,0,0,0,0,0,0,0,1
733,0,0.1547557694383899,-0.4604992586639336,-0.4462001942704374,-1.0767317685895288,0,-0.5363369093530302,1,-0.527716387139349,-1.1543399887113939,0,1,0,0,1,0,0,1,0,0,1,0,0,0,0,0,0,0,0,0,0,1
734,0,-0.4408995647456006,-0.4604992586639336,-0.4462001942704374,-0.4521757756030538,0,-0.5363369093530302,1,-0.527716387139349,-0.11616399793210583,0,1,0,0,1,0,0,1,0,0,1,0,0,0,0,0,0,0,0,0,0,1
735,0,-0.4408995647456006,-0.4604992586639336,-0.4462001942704374,-0.4521757756030538,0,-0.5363369093530302,1,-0.527716387139349,-0.11616399793210583,0,1,0,0,1,0,0,1,0,0,1,0,0,0,0,0,0,0,0,0,0,1
736,0,-0.031386522494107144,-0.4604992586639336,-0.4462001942704374,-0.30324319266012506,0,-0.5363369093530302,1,0.21427410350288992,-0.5114694713442193,0,0,1,0,1,0,0,1,0,0,1,0,0,0,0,0,0,0,0,0,0,1
737,0,1.4205233545793698,0.4348566085295151,3.38228884462335,0.5747384051727848,0,1.9468140853311653,0,1.6982550847873676,-0.46804576403758563,0,0,1,1,0,0,0,1,0,0,0,1,0,0,0,0,0,0,0,0,0,1
739,0,-0.21752881442660418,-0.4604992586639336,-0.4462001942704374,-0.6973956755570203,0,-0.5363369093530302,1,-0.527716387139349,-0.5237838357886936,0,0,1,0,1,0,0,1,0,0,1,0,0,0,0,0,0,0,0,0,0,1
740,0,-0.21752881442660418,-0.4604992586639336,-0.4462001942704374,-0.6973956755570203,0,-0.5363369093530302,1,-0.527716387139349,-0.5237838357886936,0,0,1,0,1,0,0,1,0,0,1,0,0,0,0,0,0,0,0,0,0,1
741,1,0.8248680203953792,-0.4604992586639336,-0.4462001942704374,0.3645512921484904,1,-0.5363369093530302,1,-0.527716387139349,1.2414507592408093,1,0,0,0,1,0,0,1,0,0,1,0,0,0,0,0,1,0,0,0,0,0
742,0,0.527040353303384,0.4348566085295151,-0.4462001942704374,2.711440542716898,1,0.08445083931801861,0,0.21427410350288992,1.994128352555793,1,0,0,0,1,0,0,1,0,0,1,0,0,0,0,1,0,0,0,0,0,0
744,0,-0.3664426479726018,0.4348566085295151,-0.4462001942704374,-0.30324319266012506,0,0.08445083931801861,0,-0.527716387139349,0.13140104602295527,0,0,1,0,1,0,0,1,0,0,1,0,0,0,0,0,0,0,0,0,0,1
745,1,0.1547557694383899,-0.4604992586639336,-0.4462001942704374,-0.6959928267112353,0,-0.5363369093530302,1,-0.527716387139349,-0.5214519327940202,0,0,1,0,1,0,0,1,0,0,1,0,0,0,0,0,0,0,0,0,0,1
746,0,3.058575523585344,0.4348566085295151,0.8299628186941583,2.33430480849045,1,0.7052385879890675,0,0.21427410350288992,1.6806790630320465,1,0,0,0,1,0,0,1,0,0,0,0,1,0,1,0,0,0,0,0,0,0
747,0,-0.9620979821565924,0.4348566085295151,0.8299628186941583,-0.10386570259136582,0,0.7052385879890675,0,0.21427410350288992,-0.3457606112775253,0,0,1,0,1,0,0,1,0,0,1,0,0,0,0,0,0,0,0,0,0,1
748,1,0.08029885266539108,-0.4604992586639336,-0.4462001942704374,-0.4521757756030538,0,-0.5363369093530302,1,-0.527716387139349,-0.11616399793210583,0,1,0,1,0,0,0,1,0,1,0,0,0,0,0,0,0,0,0,0,0,1
749,0,-0.7387272318375959,0.4348566085295151,-0.4462001942704374,1.4743392489167653,1,0.08445083931801861,0,-0.527716387139349,3.0862096351640056,1,0,0,0,1,0,0,1,0,0,1,0,0,0,0,0,1,0,0,0,0,0
750,0,0.1547557694383899,-0.4604992586639336,-0.4462001942704374,-0.7044003112322071,0,-0.5363369093530302,1,-0.527716387139349,-0.5354273788237414,0,0,1,0,1,0,1,0,0,0,1,0,0,0,0,0,0,0,0,0,0,1
751,1,-1.855580983432578,0.4348566085295151,0.8299628186941583,0.028251911309619276,0,0.7052385879890675,0,-0.527716387139349,0.6824329180519618,0,1,0,1,0,0,0,1,0,1,0,0,0,0,0,0,0,0,0,0,0,1
752,1,-1.7066671498865804,-0.4604992586639336,0.8299628186941583,-0.47739822916596913,1,0.08445083931801861,0,0.21427410350288992,-0.6562151623663317,0,0,1,0,1,0,0,1,1,0,0,0,0,0,0,0,0,1,0,0,0,0
753,0,0.30366960298438755,-0.4604992586639336,-0.4462001942704374,-0.6203254660224894,0,-0.5363369093530302,1,-0.527716387139349,-0.3956729185265295,0,0,1,0,1,0,0,1,0,0,1,0,0,0,0,0,0,0,0,0,0,1
754,0,-0.4408995647456006,-0.4604992586639336,-0.4462001942704374,-0.6973956755570203,0,-0.5363369093530302,1,-0.527716387139349,-0.5237838357886936,0,0,1,0,1,0,0,1,0,0,1,0,0,0,0,0,0,0,0,0,0,1
755,1,1.4205233545793698,0.4348566085295151,2.1061258316587543,2.0460481963428463,0,1.3260263366601164,0,0.21427410350288992,1.4410999882368263,0,1,0,1,0,0,0,1,0,0,0,1,0,0,0,0,0,0,0,0,0,1
756,1,-2.103522516286664,0.4348566085295151,0.8299628186941583,-0.38011162256615283,0,0.7052385879890675,0,0.21427410350288992,-0.5753572246229447,0,1,0,0,1,0,0,1,1,0,0,0,0,0,0,0,0,0,0,0,0,1
757,0,-0.06861498088060655,-0.4604992586639336,-0.4462001942704374,-0.7021999524261471,0,-0.5363369093530302,1,-0.527716387139349,-0.5317698049485343,0,0,1,0,1,0,0,1,0,0,1,0,0,0,0,0,0,0,0,0,0,1
758,0,-0.8131841486105947,-0.4604992586639336,-0.4462001942704374,-0.5242399286399547,0,-0.5363369093530302,1,-0.527716387139349,-0.235953535329716,0,1,0,0,1,0,0,1,0,0,1,0,0,0,0,0,0,0,0,0,0,1
759,0,0.3781265197573863,-0.4604992586639336,-0.4462001942704374,-0.689987480624827,0,-0.5363369093530302,1,-0.527716387139349,-0.5114694713442193,0,0,1,0,1,0,0,1,0,0,1,0,0,0,0,0,0,0,0,0,0,1
760,1,0.30366960298438755,-0.4604992586639336,-0.4462001942704374,3.0789677232050936,1,-0.5363369093530302,1,0.9562645941451289,1.1482811190426678,1,0,0,1,0,0,0,1,0,0,0,0,1,0,1,0,0,0,0,0,0,0
761,0,-0.21752881442660418,-0.4604992586639336,-0.4462001942704374,-0.38011162256615283,0,-0.5363369093530302,1,0.21427410350288992,-0.5753572246229447,0,0,1,0,1,0,0,1,0,0,1,0,0,0,0,0,0,0,0,0,0,1
762,0,0.899324937168378,-0.4604992586639336,-0.4462001942704374,-0.7344270416642492,0,-0.5363369093530302,1,-0.527716387139349,-0.5853396860727456,0,0,1,0,1,0,0,1,0,0,1,0,0,0,0,0,0,0,0,0,0,1
763,1,-0.6642703150645971,-0.4604992586639336,-0.4462001942704374,-0.7294209851666192,0,-0.5363369093530302,1,-0.527716387139349,-0.5770183062081916,0,0,1,0,1,1,0,0,0,0,1,0,0,0,0,0,0,0,0,0,0,1
765,0,-0.9620979821565924,-0.4604992586639336,-0.4462001942704374,-0.7031992420149255,0,-0.5363369093530302,1,-0.527716387139349,-0.5334308865337811,0,0,1,0,1,0,0,1,0,0,1,0,0,0,0,0,0,0,0,0,0,1
766,1,1.6438941048983662,0.4348566085295151,-0.4462001942704374,2.6686008058748953,1,0.08445083931801861,0,0.9562645941451289,0.920901943133964,1,0,0,1,0,0,0,1,0,0,0,1,0,0,0,0,1,0,0,0,0,0
767,0,1.4949802713523686,-0.4604992586639336,-0.4462001942704374,0.8257618715846566,0,-0.5363369093530302,1,-0.527716387139349,2.0081037985855144,1,0,0,0,1,1,0,0,0,0,0,0,1,0,0,0,0,0,0,0,0,1
768,0,0.11752731105189049,-0.4604992586639336,-0.4462001942704374,-0.7044003112322071,0,-0.5363369093530302,1,-0.527716387139349,-0.5354273788237414,0,0,1,1,0,0,1,0,0,1,0,0,0,0,0,0,0,0,0,0,0,1
769,0,-0.21752881442660418,0.4348566085295151,-0.4462001942704374,0.08350109530457661,0,0.08445083931801861,0,0.9562645941451289,-0.5114694713442194,0,0,1,0,1,0,1,0,0,0,1,0,0,0,0,0,0,0,0,0,0,1
770,0,0.2292126862113887,-0.4604992586639336,-0.4462001942704374,-0.6749741154088059,0,-0.5363369093530302,1,-0.527716387139349,-0.4865133177197172,0,0,1,0,1,0,0,1,0,0,1,0,0,0,0,0,0,0,0,0,0,1
771,0,-0.3664426479726018,-0.4604992586639336,-0.4462001942704374,-0.6203254660224894,0,-0.5363369093530302,1,-0.527716387139349,-0.3956729185265295,0,0,1,0,1,0,0,1,0,0,1,0,0,0,0,0,0,0,0,0,0,1
772,0,1.4205233545793698,-0.4604992586639336,-0.4462001942704374,-0.6993942547345772,0,-0.5363369093530302,1,-0.527716387139349,-0.5271059989591874,0,0,1,0,1,0,0,1,0,0,1,0,0,0,0,0,0,0,0,0,0,1
773,0,2.090635605536359,-0.4604992586639336,-0.4462001942704374,-0.5722826973312221,1,-0.5363369093530302,1,0.21427410350288992,-0.7350766078197583,0,1,0,1,0,0,0,1,0,0,0,1,0,0,0,0,0,1,0,0,0,0
774,0,-0.21752881442660418,-0.4604992586639336,-0.4462001942704374,-0.7296227647951226,0,-0.5363369093530302,1,-0.527716387139349,-0.5773537169129049,0,0,1,0,1,1,0,0,0,0,1,0,0,0,0,0,0,0,0,0,0,1
775,1,1.8672648552173627,0.4348566085295151,3.38228884462335,0.028251911309619276,0,1.9468140853311653,0,-0.527716387139349,0.6824329180519618,0,1,0,1,0,0,0,1,0,0,0,1,0,0,0,0,0,0,0,0,0,1
776,0,-0.8131841486105947,-0.4604992586639336,-0.4462001942704374,-0.7044003112322071,0,-0.5363369093530302,1,-0.527716387139349,-0.5354273788237414,0,0,1,0,1,0,0,1,0,0,1,0,0,0,0,0,0,0,0,0,0,1
777,0,-0.21752881442660418,-0.4604992586639336,-0.4462001942704374,-0.7044003112322071,1,-0.5363369093530302,1,-0.527716387139349,-0.5354273788237414,0,0,1,0,1,0,1,0,0,0,1,0,0,0,0,0,0,0,1,0,0,0
778,1,-1.7811240666595793,-0.4604992586639336,-0.4462001942704374,-0.47739822916596913,0,-0.5363369093530302,1,0.21427410350288992,-0.6562151623663317,0,0,1,1,0,0,0,1,0,1,0,0,0,0,0,0,0,0,0,0,0,1
779,0,-0.21752881442660418,-0.4604992586639336,-0.4462001942704374,-0.705000845840848,0,-0.5363369093530302,1,-0.527716387139349,-0.5364256249687215,0,0,1,0,1,0,1,0,0,0,1,0,0,0,0,0,0,0,0,0,0,1
781,1,-1.1854687324755888,-0.4604992586639336,-0.4462001942704374,-0.7294209851666192,0,-0.5363369093530302,1,-0.527716387139349,-0.5770183062081916,0,0,1,1,0,1,0,0,0,1,0,0,0,0,0,0,0,0,0,0,0,1
782,1,-0.8876410653835936,0.4348566085295151,-0.4462001942704374,1.6617060468127078,1,0.08445083931801861,0,0.21427410350288992,1.1216612218431992,1,0,0,1,0,0,0,1,0,0,0,1,0,0,1,0,0,0,0,0,0,0
783,0,0.005841935892392266,-0.4604992586639336,-0.4462001942704374,0.3645512921484904,1,-0.5363369093530302,1,-0.527716387139349,1.2414507592408093,1,0,0,0,1,0,0,1,0,0,1,0,0,0,0,0,1,0,0,0,0,0
784,0,-0.21752881442660418,0.4348566085295151,2.1061258316587543,0.04987115722068953,0,1.3260263366601164,0,0.21427410350288992,-0.21798510472007449,0,0,1,0,1,0,0,1,0,0,1,0,0,0,0,0,0,0,0,0,0,1
785,0,-0.29198573119960297,-0.4604992586639336,-0.4462001942704374,-0.7380302493160943,0,-0.5363369093530302,1,-0.527716387139349,-0.5913291629426262,0,0,1,0,1,0,0,1,0,0,1,0,0,0,0,0,0,0,0,0,0,1
786,0,-0.29198573119960297,-0.4604992586639336,-0.4462001942704374,-0.7284216955778409,0,-0.5363369093530302,1,-0.527716387139349,-0.5753572246229447,0,0,1,0,1,0,0,1,0,0,1,0,0,0,0,0,0,0,0,0,0,1
787,1,-0.8131841486105947,-0.4604992586639336,-0.4462001942704374,-0.7166127830335274,0,-0.5363369093530302,1,-0.527716387139349,-0.5557277124280564,0,0,1,1,0,0,0,1,0,1,0,0,0,0,0,0,0,0,0,0,0,1
788,0,-1.5577533163405828,3.120924210109861,0.8299628186941583,0.32251386954363154,0,2.567601834002214,0,2.4402455754296066,-0.6891572851506743,0,0,1,0,1,0,1,0,1,0,0,0,0,0,0,0,0,0,0,0,0,1
789,1,-2.0789517337515746,0.4348566085295151,2.1061258316587543,-0.08825180276670398,0,1.3260263366601164,0,0.21427410350288992,-0.3327834113927842,0,0,1,0,1,0,0,1,1,0,0,0,0,0,0,0,0,0,0,0,0,1
790,0,1.2716095210333722,-0.4604992586639336,-0.4462001942704374,2.7282555117588423,1,-0.5363369093530302,1,0.21427410350288992,2.0081037985855144,1,0,0,0,1,1,0,0,0,0,1,0,0,0,1,0,0,0,0,0,0,0
791,0,-0.21752881442660418,-0.4604992586639336,-0.4462001942704374,-0.7044003112322071,0,-0.5363369093530302,1,-0.527716387139349,-0.5354273788237414,0,0,1,0,1,0,1,0,0,0,1,0,0,0,0,0,0,0,0,0,0,1
792,0,-0.9620979821565924,-0.4604992586639336,-0.4462001942704374,0.17238021738342119,0,-0.5363369093530302,1,0.21427410350288992,-0.11616399793210583,0,1,0,0,1,0,0,1,0,0,1,0,0,0,0,0,0,0,0,0,0,1
793,0,-0.8131841486105947,6.7023476788836565,2.1061258316587543,2.2646427938881124,0,5.671540577357458,0,3.924226556714084,-0.3608769100443666,0,0,1,1,0,0,0,1,0,1,0,0,0,0,0,0,0,0,0,0,0,1
794,0,0.8248680203953792,-0.4604992586639336,-0.4462001942704374,0.39797945060387413,0,-0.5363369093530302,1,-0.527716387139349,1.2970171326549806,1,0,0,0,1,1,0,0,0,0,1,0,0,0,0,0,0,0,0,0,0,1
795,0,-0.29198573119960297,-0.4604992586639336,-0.4462001942704374,-0.6973956755570203,0,-0.5363369093530302,1,-0.527716387139349,-0.5237838357886936,0,0,1,0,1,0,0,1,0,0,1,0,0,0,0,0,0,0,0,0,0,1
796,0,0.7504111036223804,-0.4604992586639336,-0.4462001942704374,-0.4521757756030538,0,-0.5363369093530302,1,-0.527716387139349,-0.11616399793210583,0,1,0,0,1,0,0,1,0,0,1,0,0,0,0,0,0,0,0,0,0,1
797,1,1.4949802713523686,-0.4604992586639336,-0.4462001942704374,0.16897878936007954,1,-0.5363369093530302,1,-0.527716387139349,0.9163579266820151,1,0,0,1,0,0,0,1,0,0,0,0,1,0,0,0,1,0,0,0,0,0
798,1,0.1547557694383899,-0.4604992586639336,-0.4462001942704374,-0.6595619952126475,0,-0.5363369093530302,1,-0.527716387139349,-0.4608943286549484,0,0,1,1,0,0,0,1,0,0,0,1,0,0,0,0,0,0,0,0,0,1
799,0,0.08029885266539108,-0.4604992586639336,-0.4462001942704374,-0.7294209851666192,0,-0.5363369093530302,1,-0.527716387139349,-0.5770183062081916,0,0,1,0,1,1,0,0,0,0,1,0,0,0,0,0,0,0,0,0,0,1
800,0,0.08029885266539108,0.4348566085295151,0.8299628186941583,0.08350109530457661,0,0.7052385879890675,0,0.9562645941451289,-0.5114694713442194,0,0,1,1,0,0,0,1,0,0,0,1,0,0,0,0,0,0,0,0,0,1
801,0,0.3781265197573863,-0.4604992586639336,-0.4462001942704374,-0.4521757756030538,0,-0.5363369093530302,1,0.21427410350288992,-0.6352519933217499,0,1,0,0,1,0,0,1,0,0,1,0,0,0,0,0,0,0,0,0,0,1
802,1,0.1547557694383899,0.4348566085295151,0.8299628186941583,0.18439090955623802,0,0.7052385879890675,0,0.9562645941451289,-0.4555676872253346,0,1,0,1,0,0,0,1,0,0,0,1,0,0,0,0,0,0,0,0,0,1
804,1,-2.1221367454799136,-0.4604992586639336,0.8299628186941583,-0.6675659204766126,0,0.08445083931801861,0,-0.527716387139349,-0.47419895327524286,0,0,1,0,1,1,0,0,1,0,0,0,0,0,0,0,0,0,0,0,0,1
805,1,-0.14307189765360537,-0.4604992586639336,-0.4462001942704374,-0.7416334569679394,0,-0.5363369093530302,1,-0.527716387139349,-0.5973186398125067,0,0,1,0,1,0,0,1,0,0,1,0,0,0,0,0,0,0,0,0,0,1
806,0,0.1547557694383899,-0.4604992586639336,-0.4462001942704374,-0.7031992420149255,0,-0.5363369093530302,1,-0.527716387139349,-0.5334308865337811,0,0,1,0,1,0,0,1,0,0,1,0,0,0,0,0,0,0,0,0,0,1
807,0,0.7504111036223804,-0.4604992586639336,-0.4462001942704374,-1.0767317685895288,1,-0.5363369093530302,1,-0.527716387139349,-1.1543399887113939,1,0,0,0,1,0,0,1,0,0,1,0,0,1,0,0,0,0,0,0,0,0
808,0,-0.8131841486105947,-0.4604992586639336,-0.4462001942704374,-0.7031992420149255,0,-0.5363369093530302,1,-0.527716387139349,-0.5334308865337811,0,0,1,1,0,0,0,1,0,1,0,0,0,0,0,0,0,0,0,0,0,1
809,0,0.7504111036223804,-0.4604992586639336,-0.4462001942704374,-0.4521757756030538,0,-0.5363369093530302,1,-0.527716387139349,-0.11616399793210583,0,1,0,0,1,0,0,1,0,0,1,0,0,0,0,0,0,0,0,0,0,1
810,1,0.30366960298438755,0.4348566085295151,-0.4462001942704374,1.4743392489167653,1,0.08445083931801861,0,0.21427410350288992,0.965934823226306,1,0,0,1,0,0,0,1,0,0,0,1,0,0,0,0,0,1,0,0,0,0
811,0,-0.21752881442660418,-0.4604992586639336,-0.4462001942704374,-0.697794430537158,0,-0.5363369093530302,1,-0.527716387139349,-0.5244466712289604,0,0,1,0,1,0,0,1,0,0,1,0,0,0,0,0,0,0,0,0,0,1
812,0,0.7504111036223804,-0.4604992586639336,-0.4462001942704374,0.08350109530457661,0,-0.5363369093530302,1,0.21427410350288992,-0.19003421266063214,0,0,1,0,1,0,0,1,0,0,1,0,0,0,0,0,0,0,0,0,0,1
813,0,0.45258343653038513,-0.4604992586639336,-0.4462001942704374,-0.5722826973312221,0,-0.5363369093530302,1,-0.527716387139349,-0.31581322692812275,0,1,0,0,1,0,0,1,0,0,1,0,0,0,0,0,0,0,0,0,0,1
814,0,-1.7066671498865804,3.120924210109861,2.1061258316587543,0.4258058222298562,0,3.188389582673263,0,3.924226556714084,-0.7975382951770835,0,0,1,1,0,0,0,1,0,1,0,0,0,0,0,0,0,0,0,0,0,1
815,0,0.11752731105189049,-0.4604992586639336,-0.4462001942704374,-0.689987480624827,0,-0.5363369093530302,1,-0.527716387139349,-0.5114694713442193,0,0,1,0,1,0,0,1,0,0,1,0,0,0,0,0,0,0,0,0,0,1
816,0,0.8248680203953792,-0.4604992586639336,-0.4462001942704374,-1.0767317685895288,1,-0.5363369093530302,1,-0.527716387139349,-1.1543399887113939,1,0,0,0,1,0,0,1,0,0,1,0,0,0,1,0,0,0,0,0,0,0
817,0,-0.4408995647456006,-0.4604992586639336,-0.4462001942704374,-0.6959928267112353,0,-0.5363369093530302,1,-0.527716387139349,-0.5214519327940202,0,0,1,1,0,0,0,1,0,1,0,0,0,0,0,0,0,0,0,0,0,1
818,0,0.1547557694383899,0.4348566085295151,0.8299628186941583,0.7010524526158648,0,0.7052385879890675,0,0.21427410350288992,0.3232320112114879,0,1,0,0,1,1,0,0,0,0,1,0,0,0,0,0,0,0,0,0,0,1
819,0,1.0482387707143757,-0.4604992586639336,-0.4462001942704374,-0.7668559105308547,0,-0.5363369093530302,1,-0.527716387139349,-0.6392449779016701,0,0,1,0,1,0,0,1,0,0,1,0,0,0,0,0,0,0,0,0,0,1
820,0,-1.4088394827945852,2.225568342916412,2.1061258316587543,0.26366147789682903,0,2.567601834002214,0,3.1822360660718454,-0.7829924227788023,0,0,1,0,1,0,0,1,1,0,0,0,0,0,0,0,0,0,0,0,0,1
821,1,1.718351021671365,0.4348566085295151,0.8299628186941583,3.4152671040439646,1,0.7052385879890675,0,0.21427410350288992,2.5791005935141227,1,0,0,1,0,0,0,1,0,0,0,1,0,0,1,0,0,0,0,0,0,0
822,1,-0.14307189765360537,-0.4604992586639336,-0.4462001942704374,-0.6605612848014257,0,-0.5363369093530302,1,-0.527716387139349,-0.4625554102401952,0,0,1,0,1,0,0,1,0,0,1,0,0,0,0,0,0,0,0,0,0,1
823,0,0.6759541868493816,-0.4604992586639336,-0.4462001942704374,-1.0767317685895288,0,-0.5363369093530302,1,-0.527716387139349,-1.1543399887113939,1,0,0,0,1,0,0,1,0,0,0,0,1,0,0,0,0,0,0,0,0,1
824,1,-0.14307189765360537,-0.4604992586639336,0.8299628186941583,-0.47739822916596913,1,0.08445083931801861,0,0.21427410350288992,-0.6562151623663317,0,0,1,1,0,0,0,1,0,0,0,1,0,0,0,0,0,1,0,0,0,0
825,0,-2.0044948169785757,3.120924210109861,0.8299628186941583,0.8299656138451424,0,2.567601834002214,0,3.1822360660718454,-0.6261014036594325,0,0,1,0,1,0,0,1,1,0,0,0,0,0,0,0,0,0,0,0,0,1
826,0,-0.21752881442660418,-0.4604992586639336,-0.4462001942704374,-0.7428345261852211,0,-0.5363369093530302,1,-0.527716387139349,-0.5993151321024668,0,0,1,0,1,0,1,0,0,0,1,0,0,0,0,0,0,0,0,0,0,1
827,0,-0.21752881442660418,-0.4604992586639336,-0.4462001942704374,1.637482882838571,0,-0.5363369093530302,1,3.924226556714084,-0.5098061080534981,0,0,1,0,1,0,0,1,0,0,1,0,0,0,0,0,0,0,0,0,0,1
828,1,-2.0789517337515746,-0.4604992586639336,2.1061258316587543,0.7010524526158648,0,0.7052385879890675,0,0.21427410350288992,0.3232320112114879,0,1,0,0,1,1,0,0,1,0,0,0,0,0,0,0,0,0,0,0,0,1
829,1,-0.21752881442660418,-0.4604992586639336,-0.4462001942704374,-0.7044003112322071,0,-0.5363369093530302,1,-0.527716387139349,-0.5354273788237414,0,0,1,0,1,0,1,0,0,0,1,0,0,0,0,0,0,0,0,0,0,1
830,1,2.4629201894013533,-0.4604992586639336,-0.4462001942704374,2.766689726711856,1,-0.5363369093530302,1,0.21427410350288992,2.040047675224877,1,0,0,1,0,0,0,1,0,0,0,1,0,0,1,0,0,0,0,0,0,0
831,1,-1.0365548989295912,0.4348566085295151,-0.4462001942704374,-0.3823119813722129,0,0.08445083931801861,0,0.21427410350288992,-0.5771860115605483,0,0,1,1,0,1,0,0,0,0,0,1,0,0,0,0,0,0,0,0,0,1
832,1,-2.0916094096029845,0.4348566085295151,0.8299628186941583,-0.17592985562826677,0,0.7052385879890675,0,0.9562645941451289,-0.6552169162213515,0,1,0,0,1,0,0,1,1,0,0,0,0,0,0,0,0,0,0,0,0,1
833,0,-0.21752881442660418,-0.4604992586639336,-0.4462001942704374,-0.7294209851666192,0,-0.5363369093530302,1,-0.527716387139349,-0.5770183062081916,0,0,1,0,1,1,0,0,0,0,1,0,0,0,0,0,0,0,0,0,0,1
834,0,-0.4408995647456006,-0.4604992586639336,-0.4462001942704374,-0.6993942547345772,0,-0.5363369093530302,1,-0.527716387139349,-0.5271059989591874,0,0,1,0,1,0,0,1,0,0,1,0,0,0,0,0,0,0,0,0,0,1
835,0,-0.8131841486105947,-0.4604992586639336,-0.4462001942704374,-0.6779767884520101,0,-0.5363369093530302,1,-0.527716387139349,-0.4915045484446176,0,0,1,0,1,0,0,1,0,0,1,0,0,0,0,0,0,0,0,0,0,1
836,1,0.7504111036223804,0.4348566085295151,0.8299628186941583,2.9184232030694854,1,0.7052385879890675,0,-0.527716387139349,5.486656203136396,1,0,0,1,0,1,0,0,0,1,0,0,0,0,0,0,0,1,0,0,0,0
837,0,-0.5898133982915983,-0.4604992586639336,-0.4462001942704374,-0.6605612848014257,0,-0.5363369093530302,1,-0.527716387139349,-0.4625554102401952,0,0,1,0,1,0,0,1,0,0,1,0,0,0,0,0,0,0,0,0,0,1
838,0,-0.21752881442660418,-0.4604992586639336,-0.4462001942704374,-0.689987480624827,0,-0.5363369093530302,1,-0.527716387139349,-0.5114694713442193,0,0,1,0,1,0,0,1,0,0,1,0,0,0,0,0,0,0,0,0,0,1
839,1,0.2292126862113887,-0.4604992586639336,-0.4462001942704374,1.637482882838571,0,-0.5363369093530302,1,3.924226556714084,-0.5098061080534981,0,0,1,0,1,0,0,1,0,0,1,0,0,0,0,0,0,0,0,0,0,1
840,1,0.8248680203953792,-0.4604992586639336,-0.4462001942704374,0.3501384615411102,1,-0.5363369093530302,1,-0.527716387139349,1.217492851761287,1,0,0,0,1,1,0,0,0,0,1,0,0,0,0,1,0,0,0,0,0,0
841,0,-0.6642703150645971,-0.4604992586639336,-0.4462001942704374,-0.6959928267112353,0,-0.5363369093530302,1,-0.527716387139349,-0.5214519327940202,0,0,1,0,1,0,0,1,0,0,1,0,0,0,0,0,0,0,0,0,0,1
842,0,-0.9620979821565924,-0.4604992586639336,-0.4462001942704374,-0.5722826973312221,0,-0.5363369093530302,1,0.21427410350288992,-0.7350766078197583,0,1,0,0,1,0,0,1,0,0,1,0,0,0,0,0,0,0,0,0,0,1
843,1,0.08029885266539108,-0.4604992586639336,-0.4462001942704374,0.41259406083975775,0,-0.5363369093530302,1,0.21427410350288992,0.08348523106391109,1,0,0,1,0,1,0,0,0,1,0,0,0,0,0,0,0,0,0,0,0,1
844,0,0.4153549781438857,-0.4604992586639336,-0.4462001942704374,-0.7674564451394955,0,-0.5363369093530302,1,-0.527716387139349,-0.6402432240466502,0,0,1,0,1,1,0,0,0,0,1,0,0,0,0,0,0,0,0,0,0,1
845,0,-0.8876410653835936,-0.4604992586639336,-0.4462001942704374,-0.6605612848014257,0,-0.5363369093530302,1,-0.527716387139349,-0.4625554102401952,0,0,1,0,1,0,0,1,0,0,1,0,0,0,0,0,0,0,0,0,0,1
846,0,0.9737818539413768,-0.4604992586639336,-0.4462001942704374,-0.7140088649704606,0,-0.5363369093530302,1,-0.527716387139349,-0.5513993171434227,0,0,1,0,1,0,0,1,0,0,1,0,0,0,0,0,0,0,0,0,0,1
847,0,-0.21752881442660418,6.7023476788836565,2.1061258316587543,2.2646427938881124,0,5.671540577357458,0,3.924226556714084,-0.3608769100443666,0,0,1,0,1,0,0,1,0,0,1,0,0,0,0,0,0,0,0,0,0,1
848,0,0.45258343653038513,-0.4604992586639336,-0.4462001942704374,-0.6973956755570203,0,-0.5363369093530302,1,-0.527716387139349,-0.5237838357886936,0,0,1,0,1,1,0,0,0,0,1,0,0,0,0,0,0,0,0,0,0,1
849,0,-0.06861498088060655,-0.4604992586639336,0.8299628186941583,0.5086795982222924,0,0.08445083931801861,0,0.9562645941451289,-0.27588338112891936,0,1,0,0,1,0,0,1,0,0,0,0,1,0,0,0,0,0,0,0,0,1
850,1,0.8248680203953792,0.4348566085295151,-0.4462001942704374,3.204080701430892,1,0.08445083931801861,0,0.21427410350288992,2.4035769773499847,1,0,0,1,0,1,0,0,0,0,0,1,0,0,0,1,0,0,0,0,0,0
851,0,-1.855580983432578,3.120924210109861,2.1061258316587543,0.4258058222298562,0,3.188389582673263,0,3.924226556714084,-0.7975382951770835,0,0,1,0,1,0,0,1,1,0,0,0,0,0,0,0,0,0,0,0,0,1
852,0,3.356403190677339,-0.4604992586639336,-0.4462001942704374,-0.7031992420149255,0,-0.5363369093530302,1,-0.527716387139349,-0.5334308865337811,0,0,1,0,1,0,0,1,0,0,1,0,0,0,0,0,0,0,0,0,0,1
853,0,-1.483296399567584,0.4348566085295151,0.8299628186941583,-0.34428132567620573,0,0.7052385879890675,0,0.21427410350288992,-0.5455775456258989,0,0,1,1,0,1,0,0,0,1,0,0,0,0,0,0,0,0,0,0,0,1
854,1,-0.9620979821565924,-0.4604992586639336,0.8299628186941583,0.816153317846403,1,0.08445083931801861,0,-0.527716387139349,1.9921318602658329,1,0,0,1,0,0,0,1,0,1,0,0,0,0,0,0,1,0,0,0,0,0
855,0,1.1226956874873746,0.4348566085295151,-0.4462001942704374,0.17238021738342119,0,0.08445083931801861,0,0.21427410350288992,-0.11616399793210583,0,1,0,1,0,0,0,1,0,0,0,1,0,0,0,0,0,0,0,0,0,1
856,1,-0.8131841486105947,-0.4604992586639336,0.8299628186941583,-0.6275318813261795,0,0.08445083931801861,0,-0.527716387139349,-0.40765187226629057,0,0,1,1,0,0,0,1,0,0,0,1,0,0,0,0,0,0,0,0,0,1
858,1,1.6438941048983662,-0.4604992586639336,-0.4462001942704374,0.19880374016361824,1,-0.5363369093530302,1,-0.527716387139349,0.965934823226306,1,0,0,0,1,0,0,1,0,0,1,0,0,0,0,0,0,1,0,0,0,0
859,1,-0.3664426479726018,-0.4604992586639336,3.38228884462335,-0.15150971630249568,0,1.3260263366601164,0,1.6982550847873676,-0.7698495140339946,0,0,1,1,0,1,0,0,0,0,0,1,0,0,0,0,0,0,0,0,0,1
860,0,-0.21752881442660418,-0.4604992586639336,-0.4462001942704374,-0.7294209851666192,0,-0.5363369093530302,1,-0.527716387139349,-0.5770183062081916,0,0,1,0,1,1,0,0,0,0,1,0,0,0,0,0,0,0,0,0,0,1
861,0,0.899324937168378,1.3302124757229636,-0.4462001942704374,-0.39892997506252226,0,0.7052385879890675,0,-0.527716387139349,-0.027655501733591624,0,0,1,0,1,0,0,1,0,0,1,0,0,0,0,0,0,0,0,0,0,1
862,0,-0.5898133982915983,0.4348566085295151,-0.4462001942704374,-0.5242399286399547,0,0.08445083931801861,0,-0.527716387139349,-0.235953535329716,0,1,0,0,1,0,0,1,0,0,1,0,0,0,0,0,0,0,0,0,0,1
863,1,1.4205233545793698,-0.4604992586639336,-0.4462001942704374,0.16897878936007954,1,-0.5363369093530302,1,-0.527716387139349,0.9163579266820151,1,0,0,1,0,0,0,1,0,0,0,1,0,0,0,0,1,0,0,0,0,0
864,0,-0.8131841486105947,6.7023476788836565,2.1061258316587543,2.2646427938881124,0,5.671540577357458,0,3.924226556714084,-0.3608769100443666,0,0,1,1,0,0,0,1,0,1,0,0,0,0,0,0,0,0,0,0,0,1
865,0,-0.3664426479726018,-0.4604992586639336,-0.4462001942704374,-0.4521757756030538,0,-0.5363369093530302,1,-0.527716387139349,-0.11616399793210583,0,1,0,0,1,0,0,1,0,0,1,0,0,0,0,0,0,0,0,0,0,1
866,1,0.9737818539413768,-0.4604992586639336,-0.4462001942704374,-0.4521757756030538,0,-0.5363369093530302,1,-0.527716387139349,-0.11616399793210583,0,1,0,1,0,0,0,1,0,0,0,1,0,0,0,0,0,0,0,0,0,1
867,1,-0.14307189765360537,0.4348566085295151,-0.4462001942704374,-0.41094066723533906,0,0.08445083931801861,0,-0.527716387139349,-0.04762042463319332,0,1,0,1,0,1,0,0,0,1,0,0,0,0,0,0,0,0,0,0,0,1
868,0,0.1547557694383899,-0.4604992586639336,-0.4462001942704374,1.349226270690967,1,-0.5363369093530302,1,-0.527716387139349,2.878239026303435,1,0,0,0,1,0,0,1,0,0,1,0,0,1,0,0,0,0,0,0,0,0
869,0,-0.21752881442660418,-0.4604992586639336,-0.4462001942704374,-0.6203254660224894,0,-0.5363369093530302,1,-0.527716387139349,-0.3956729185265295,0,0,1,0,1,0,0,1,0,0,1,0,0,0,0,0,0,0,0,0,0,1
870,1,-1.855580983432578,0.4348566085295151,0.8299628186941583,-0.5418572119190425,0,0.7052385879890675,0,0.9562645941451289,-0.8579726872205464,0,0,1,0,1,0,0,1,1,0,0,0,0,0,0,0,0,0,0,0,0,1
871,0,-0.21752881442660418,-0.4604992586639336,-0.4462001942704374,-0.6973956755570203,0,-0.5363369093530302,1,-0.527716387139349,-0.5237838357886936,0,0,1,0,1,0,0,1,0,0,1,0,0,0,0,0,0,0,0,0,0,1
872,1,1.346066437806371,0.4348566085295151,0.8299628186941583,1.4481175057650717,1,0.7052385879890675,0,0.21427410350288992,0.9441411133891007,1,0,0,1,0,0,0,1,0,0,0,1,0,0,0,0,1,0,0,0,0,0
873,0,0.30366960298438755,-0.4604992586639336,-0.4462001942704374,-0.8365179251331922,1,-0.5363369093530302,1,-0.527716387139349,-0.75504153071936,1,0,0,0,1,0,0,1,0,0,1,0,0,0,1,0,0,0,0,0,0,0
874,0,1.346066437806371,-0.4604992586639336,-0.4462001942704374,-0.644346850368123,0,-0.5363369093530302,1,-0.527716387139349,-0.4356027643257329,0,0,1,0,1,0,0,1,0,0,1,0,0,0,0,0,0,0,0,0,0,1
875,1,-0.06861498088060655,0.4348566085295151,-0.4462001942704374,0.07629468000088659,0,0.08445083931801861,0,0.21427410350288992,-0.1960236895305126,0,1,0,1,0,1,0,0,0,0,0,1,0,0,0,0,0,0,0,0,0,1
876,1,-1.0365548989295912,-0.4604992586639336,-0.4462001942704374,-0.7296227647951226,0,-0.5363369093530302,1,-0.527716387139349,-0.5773537169129049,0,0,1,1,0,1,0,0,0,1,0,0,0,0,0,0,0,0,0,0,0,1
877,0,-0.6642703150645971,-0.4604992586639336,-0.4462001942704374,-0.6037122766090491,0,-0.5363369093530302,1,0.21427410350288992,-0.7611987129415971,0,0,1,0,1,0,0,1,0,0,1,0,0,0,0,0,0,0,0,0,0,1
878,0,-0.7387272318375959,-0.4604992586639336,-0.4462001942704374,-0.6973956755570203,0,-0.5363369093530302,1,-0.527716387139349,-0.5237838357886936,0,0,1,0,1,0,0,1,0,0,1,0,0,0,0,0,0,0,0,0,0,1
879,0,-0.21752881442660418,-0.4604992586639336,-0.4462001942704374,-0.6973956755570203,0,-0.5363369093530302,1,-0.527716387139349,-0.5237838357886936,0,0,1,0,1,0,0,1,0,0,1,0,0,0,0,0,0,0,0,0,0,1
880,1,2.01617868876336,-0.4604992586639336,0.8299628186941583,2.9184232030694854,1,0.08445083931801861,0,0.21427410350288992,2.166158107212501,1,0,0,1,0,1,0,0,0,0,0,1,0,0,0,1,0,0,0,0,0,0
881,1,-0.29198573119960297,-0.4604992586639336,0.8299628186941583,0.17238021738342119,0,0.08445083931801861,0,0.21427410350288992,-0.11616399793210583,0,1,0,1,0,0,0,1,0,0,0,1,0,0,0,0,0,0,0,0,0,1
882,0,0.30366960298438755,-0.4604992586639336,-0.4462001942704374,-0.6973956755570203,0,-0.5363369093530302,1,-0.527716387139349,-0.5237838357886936,0,0,1,0,1,0,0,1,0,0,1,0,0,0,0,0,0,0,0,0,0,1
883,0,-0.5153564815185995,-0.4604992586639336,-0.4462001942704374,-0.5714803830940779,0,-0.5363369093530302,1,-0.527716387139349,-0.31447957007842936,0,0,1,1,0,0,0,1,0,1,0,0,0,0,0,0,0,0,0,0,0,1
884,0,-0.06861498088060655,-0.4604992586639336,-0.4462001942704374,-0.5722826973312221,0,-0.5363369093530302,1,-0.527716387139349,-0.31581322692812275,0,1,0,0,1,0,0,1,0,0,1,0,0,0,0,0,0,0,0,0,0,1
885,0,-0.29198573119960297,-0.4604992586639336,-0.4462001942704374,-0.7380302493160943,0,-0.5363369093530302,1,-0.527716387139349,-0.5913291629426262,0,0,1,0,1,0,0,1,0,0,1,0,0,0,0,0,0,0,0,0,0,1
886,0,0.7504111036223804,-0.4604992586639336,5.934614870552541,0.32251386954363154,0,2.567601834002214,0,2.4402455754296066,-0.6891572851506743,0,0,1,1,0,0,1,0,0,0,0,1,0,0,0,0,0,0,0,0,0,1
887,0,-0.14307189765360537,-0.4604992586639336,-0.4462001942704374,-0.4521757756030538,0,-0.5363369093530302,1,-0.527716387139349,-0.11616399793210583,0,1,0,0,1,0,0,1,0,0,0,0,1,0,0,0,0,0,0,0,0,1
888,1,-0.7387272318375959,-0.4604992586639336,-0.4462001942704374,0.3645512921484904,1,-0.5363369093530302,1,-0.527716387139349,1.2414507592408093,1,0,0,1,0,0,0,1,0,1,0,0,0,0,1,0,0,0,0,0,0,0
889,0,-0.8131841486105947,0.4348566085295151,2.1061258316587543,0.04987115722068953,0,1.3260263366601164,0,0.21427410350288992,-0.21798510472007449,0,0,1,1,0,0,0,1,0,1,0,0,0,0,0,0,0,0,0,0,0,1
890,1,-0.21752881442660418,-0.4604992586639336,-0.4462001942704374,0.3645512921484904,1,-0.5363369093530302,1,-0.527716387139349,1.2414507592408093,1,0,0,0,1,1,0,0,0,0,1,0,0,0,0,1,0,0,0,0,0,0
891,0,0.2292126862113887,-0.4604992586639336,-0.4462001942704374,-0.7044003112322071,0,-0.5363369093530302,1,-0.527716387139349,-0.5354273788237414,0,0,1,0,1,0,1,0,0,0,1,0,0,0,0,0,0,0,0,0,0,1
